Feature_0,Feature_1,Feature_2,Feature_3
-5.819862216033139,0.6322354536302504,-5.19661104732171,-6.912073245569916
-3.73744649460939,3.2098813940620645,-2.4110404122204367,-3.8642747003186986
-2.6589176602024986,4.150220562971153,-2.058336342568014,-3.637853056955079
-4.107807829230133,2.728502456348415,-2.163703225821629,-4.508873611419085
-3.6672483532885187,3.166842838852964,-2.7324397387673485,-4.809652406687481
-1.5757543501496607,,0.12849425497403777,-1.7067527999321088
-5.52837559193873,1.3113765395137142,-4.081960107148056,-6.206158115456349
-3.9378407803858653,3.049990696406775,-2.176628086488734,-4.181169586969927
-2.7466576532904643,4.439702906614942,-0.9914718705308712,-2.9385905366672147
-3.084076532501139,4.3801804276796075,0.1771427807000565,-2.543931965249528
-4.368559476538602,2.376092523604095,-3.5578795537447423,-5.474244680307618
-5.450910752845639,1.4697952802508256,-3.0662453790804403,-5.170043944370514
-4.9890650728908295,2.0794162010504498,-3.312575738172786,-5.82846905074156
-2.526168372221469,4.230673309753291,-0.9026598966471688,-2.433552960961321
-5.088737750696866,1.5508767245486181,-3.6952087738898607,-5.643213166949508
-4.092509348461138,2.7129187315289798,-4.335359401096195,-5.956325678965855
-4.27440298102009,2.7419074000521624,-2.1670628387583175,-4.317121651829745
-3.8482615050115507,3.0620887141286595,-2.0266484883051716,-4.108829221401214
-3.9727115187397453,3.1700760289557066,-0.8505771432618923,-3.6038308615563945
-4.595830061116528,2.381751719787536,-2.5136403170050983,-4.665141813248523
-4.208837777213884,2.6315753372388606,-4.22938134062707,-5.691488826413478
-4.574846333220427,2.199563175924096,-2.8130546790824655,-5.015909308665284
-4.841838408641448,1.9885662400541093,-4.4198651439929595,-6.134042799151127
-5.208379778613931,1.8047643612004978,-2.9920693060670067,-5.574915151118279
-4.091938888929843,2.979339731136654,-1.69099729303358,-3.9844676883786456
-4.525630081935501,2.4515089170818243,-3.1864687906516753,-5.134247104086263
-1.7532062957910406,,-1.0118220399509328,-2.701583011993084
-4.787417227332013,1.8322477296623838,-3.419233598681883,-5.399618938032578
-2.6467592082500033,4.106305460196841,-2.0794617758508585,-3.896633634217073
-3.8556209216566133,2.7918321181983337,-1.96795503994474,-3.8749795854231284
-4.080197465620967,2.295849684761816,-4.365639529529726,-5.667091678581026
-5.408868542161139,1.1589479922380423,-5.192829182854754,-6.931703034452813
-3.6875915344413204,2.874686822842844,-3.0476216742164453,-4.924985020642985
-3.449692030189139,3.439561198449205,-2.745238745361218,-4.657078110706011
-5.263896662472697,1.517546416066772,-4.641636293822973,-6.639738781358989
-2.728724747997628,4.361874781330019,-0.05201016847590667,-2.5230009120288015
-5.0221562897334815,1.4993705006385565,-4.1846657861949765,-6.169504871324753
-4.21157217052888,2.751576347645315,-2.6541823671976417,-4.848600820698402
-3.7998109407501497,3.034220251196263,-1.6314602609593918,-3.991981345185124
-4.239430909119095,2.71113983129389,-3.5267307193908377,-5.435786421789569
-4.120653241658114,3.033774453135376,-1.9618908489638316,-4.1487952009687294
-2.8293606214047675,3.9482459319970338,-2.4368996864873433,-4.22692765072023
-4.193551982044831,2.51087357440482,-3.874777433928153,-5.494354755373721
-1.3178015975863864,,-0.6275575686835588,-1.9955131268973987
-1.8868996306394963,,-1.4841705636317806,-3.2588059214292184
-4.109804862419093,2.720789772263244,-3.922462073948058,-5.7652656679403
-2.208799024383172,,-1.449324004779598,-3.387213383589545
-3.1829497130366984,3.2343839830083354,-3.488318578113358,-4.868789942805873
-5.110081033117464,1.5903217010427264,-3.8511768088213074,-5.8154572123877335
-3.325258507462853,3.702042210337079,-2.7005150436517558,-4.348080183988408
-1.3929816987465515,,0.212798457303375,-1.9432378404037571
-4.36941263828892,2.8510082027117694,-1.737484076174194,-4.527703946509565
-1.9327417932418909,,-0.9450524240826215,-2.824579596094983
-3.809634868168877,3.4924013040890336,0.01819010838578894,-2.727546297569725
-5.074208272204256,1.828653160419958,-3.679343526344588,-5.7403521877283605
-2.596484489890281,,-0.6276830365088251,-2.8703363055906537
-4.168488064246981,2.976309968550633,-2.0749543970458806,-4.2794153718966195
-4.867011403166444,1.817661294310843,-4.2094052902976555,-5.855015142422583
-2.7701846742179734,3.925910974976997,-2.5207644957297566,-4.096631726597703
-4.703122573262737,2.468044773223826,-1.6360780057810471,-4.305088767533169
-2.7463213028900597,3.945824054045525,-2.9371730392690156,-4.478295487952171
-3.1511914922689064,3.564946669967462,-2.817925912238872,-4.616761028859681
-4.229950482303466,2.2209552776343857,-4.0824830635820115,-5.831710518772571
-4.600488246569066,2.034643224481988,-2.8311342811122087,-4.859392280782218
-3.152665161596494,3.7356943081787146,-0.6127707395860904,-2.922045236223666
-4.376524845801242,2.59341897518033,-3.0069647563620876,-4.883540215145558
-4.9259701545229735,2.0990065295701923,-3.5059681508847316,-5.76592937191445
-5.459667976330927,1.314882444863804,-3.924372305130789,-6.380198526414607
-4.644364061700335,2.2264365622497535,-3.4799210562482665,-5.519356384156665
-1.9978829332642518,,-0.9634090913666689,-2.646575536756631
-4.165350864246395,2.466416663441573,-3.367443459471078,-5.602595754786289
-5.587085321004355,1.6126118846001913,-2.442761841966264,-4.924998598128448
-5.774699786402353,0.9938321881341987,-4.852821241293529,-6.626376873455248
-2.8780224402901453,4.110490084138825,-0.7658304587233187,-2.9740028215599965
-2.947086746768639,3.964387329253684,-2.0505791914130396,-3.8326972671421147
-4.60942589671496,2.189016192996206,-3.468926143302109,-5.332232468181177
-4.482708936603903,2.3560206923485087,-4.047447527275893,-6.034387315744514
-1.6368612571539005,,0.8756580320689116,-1.3635363726407137
-1.4976827529000878,,-0.2717812262943746,-2.2684747077767557
-4.167833328561225,2.9728157627931497,-2.020241014288219,-4.619198301343571
-3.3670464074576563,3.4834069393975415,-1.458921164476657,-3.6937184838732597
-3.02887725976107,3.9769632619906328,-1.532259101426407,-3.5582079002729454
-3.402283335784008,3.61868542875947,-2.5517499188658874,-4.244733361923118
-3.838810078877122,3.206894893510311,-2.148266384787628,-4.209478136606235
-5.559293665836384,1.2600256409811468,-4.634318146747256,-6.6169769831271585
-2.6543645467602586,3.977297893812517,-1.7367659669524524,-3.8373024267494733
-4.860644614322272,1.7621274255383335,-4.165379658317094,-5.908294547382938
-4.038190762842408,2.6074277488560975,-2.1230999380621194,-4.275539986541213
-3.581113356193272,2.9772410967264937,-3.9751124875991737,-5.077818571185602
-3.47437851501029,3.646195460058783,-1.3469232453134417,-3.867140640560239
-2.6183104346743926,4.3479387803611385,-0.8755745220565376,-2.9718998936039807
-5.5073703450578595,1.8113354598205311,-3.2195853685487803,-5.761560885174481
-4.780128260784025,1.6683748148813324,-5.025246656615805,-6.701093900552079
-1.3370218226407764,,-0.14700252673463732,-2.1725163294121663
-3.7389798858305197,3.0184489243362296,-3.0704246678167864,-4.905551777540337
-3.8523642240873257,3.2345454508783935,-2.1926445348102948,-4.293419019115645
-2.39533404493767,4.467464216639122,-1.028144216964935,-3.078939119569969
-3.9018755211853655,3.1344440486656304,-4.29159218755075,-5.980982801379337
-3.9643235885730226,3.031426453771491,-1.3140196740998682,-3.7206099965275357
-3.8451427666731073,3.148487734094899,-1.6224682939715969,-3.427353083881896
-2.5765131092106315,4.477047912048002,-1.0009766388721835,-3.4846097514053405
-3.595186516531557,3.169648450111523,-2.6210984550564,-4.559231970965604
-2.598285269260079,4.345836171173948,-2.520365281028373,-4.232470099638485
-2.597234701364077,4.299530392232656,-1.4159185016625957,-3.2597608251695807
-5.805473975589586,0.9940720604645046,-5.017540179080792,-6.963678209420578
-4.719119501377557,2.1515695780556,-3.606113359658109,-5.611614509656592
-1.958034846539205,,-0.46859772252672105,-2.3641807934641395
-3.395656570114692,3.5743077240635364,-1.9105609261458107,-3.9663263062498024
-2.9607004838444397,3.838014954610953,-2.2868827812952324,-3.914960103091836
-4.13282454286713,2.6851167049755746,-3.38746840517066,-5.442557050841444
-4.463973255820709,2.374947295681639,-3.0326089240762517,-5.450605458535196
-4.914248821195999,2.0172669905094622,-3.8329250148371674,-5.663872367743353
-1.1775759695128718,,0.27700400253815705,-1.2407377187158222
-4.310245407458142,2.305473347212024,-4.102637209426259,-5.719746894847422
-2.4284571208761356,,-1.1208268605625393,-2.9384964287268645
-4.831650963229347,2.274358436685528,-2.722753997327195,-5.197401988399933
-2.93999227394772,3.6265204887664084,-2.7346044339025286,-4.233295982356495
-3.8034018879137212,2.906997481931347,-3.6588513947077255,-5.658952521337866
-3.339670834982325,3.498462924883369,-1.8371823151268103,-3.6167448321077122
-4.681660966721677,2.093855747184425,-4.2485102527809655,-6.054871934142336
-2.3334401516518355,4.530494403278852,-1.3978068200002995,-3.5318623707644283
-3.4753422309532462,3.3734069155364783,-1.7561201493460243,-3.6502204565379532
-4.5255865592366815,2.1907371881626254,-3.1134931740747076,-4.889954988067222
-4.340544058473891,2.294702795198027,-3.1383823565079454,-4.9847640209471535
-4.406490345888173,2.340791760056525,-4.012970334694536,-5.907288857291015
-4.610872877791159,1.8956159210560553,-4.313290998947865,-5.975192106208709
-3.95711691208834,2.5925619109528943,-3.0796202152934273,-5.083260512385597
-4.996315783223806,1.8687275235773178,-3.2414257240449174,-5.0798620287659135
-4.19285985958115,2.4527714486330674,-4.288494479435268,-6.370965337342522
-1.4066593522207986,,-0.8097520150505599,-2.692320675668114
-2.489926146303059,4.401338980248613,-0.9683386964706069,-2.8640915724857745
-4.350573932257492,2.4676552645288954,-2.658285957033835,-4.6030265872471245
-5.957265143074739,0.9228764065155475,-4.726197235603657,-6.902920337656905
-3.1020366497628173,4.194707680207014,-0.8596294383061844,-3.460894639129904
-7.52142745102188,-0.8607626777400168,-5.4900166882755155,-8.186227551761567
-4.366595253962448,2.673252106767338,-2.6071093947863866,-5.251130251104418
-3.8123088262228246,2.8728611412359673,-4.076584960128606,-5.740482492126201
-4.859633876450387,2.0738828068588813,-3.549699571640932,-5.430360822974855
-3.9328755532557684,2.782425979693579,-4.287819918209472,-5.864097227798933
-4.052696596694486,2.954945831989339,-2.9154230561970276,-4.918623372588406
-3.8422338922413384,3.2154931734634884,-2.9795561453954944,-4.934947303503691
-3.0473111748339714,3.7036972304907265,-2.7760177635355454,-4.370916563971766
-4.517399135982077,2.0193757071225766,-3.6396713071391207,-5.601399342355429
-3.3861144263497454,3.752105148421706,-1.9699380383181349,-4.462583716668097
-4.605372240227201,2.04360722858261,-3.6623340066952235,-5.44643762960656
-3.0849754047144207,3.3485804290297625,-3.638381088071319,-5.25590319906865
-2.912741767263071,4.092486661266381,-1.463266753778462,-3.6631643396799176
-4.892408940139674,2.0999123849726455,-2.845398090590326,-5.505369477245393
-4.0208298175690205,3.0959821493692687,-1.6212425771525107,-3.987037343779319
-3.3346801789589784,3.8817738443747314,-1.6022984826372828,-4.268401801767756
-3.0187732154950986,4.215206940719293,-0.5505351974474948,-2.8039970356407844
-4.168507420947259,2.5831896781852692,-3.6194711531464234,-5.0000072510704925
-2.819093761397064,4.064799909698393,-2.137994210528559,-3.5552112650089205
-4.1820911793738755,2.774714317338818,-2.573490716778554,-4.364518505019772
-3.3437924549773124,3.4471089884532047,-1.7718111308610354,-3.987370455544365
-5.205700051025994,1.8209100240109242,-3.5277545656814526,-5.3177418748921
-1.7297059312585419,,-1.3511918152378681,-3.164125103004559
-3.7679113362950525,3.235578042021878,-1.6594918469572113,-3.9004561974936878
-5.669144173898449,1.1914298860428987,-4.632934922395896,-6.698207980555406
-5.216483106852536,1.6544310407360283,-5.060819169163063,-6.896317487183417
-2.8794643459567206,4.055869750547985,-1.1043899846816945,-3.174673383226974
-4.950207257660173,1.9167072243880676,-4.221273485094917,-6.156647641671267
-2.998912464589803,4.174019436109829,-1.8269107886747724,-4.123838000646304
-3.8031188562430565,3.076699740373254,-1.5345881412624,-3.6707356059821623
-2.748206553488784,3.7683218212879392,-2.5850379646446044,-3.9581913464192486
-1.8094174276500405,,-0.9295546057532513,-2.338487467258021
-3.0144372953170397,3.6204523661538905,-3.4048294276818103,-4.9071692862164165
-3.861332540108236,2.9446791074427536,-3.567686759965517,-5.399905643061703
-4.8796958628452956,2.0147270768774046,-3.2113625542401163,-5.868502843971537
-2.4909098173351665,4.068864692584801,-2.695700239097738,-4.077258757787444
-2.1185051291243115,,-1.37684343911669,-3.41954314736859
-3.865302694503226,2.8772442808743754,-3.313436862543305,-5.284182102936261
-3.341340565475027,3.2910053794062493,-2.3271130323742657,-4.299845371180926
-5.063345437589969,1.6444060167951673,-3.385952101098683,-5.62073371841928
-3.9279814508307265,2.6654709087805375,-3.8196595871295376,-5.604954410062145
-5.598569041275775,1.4212196558774852,-3.3960572248322833,-5.4866043220071266
-4.154837019740202,2.669604227320125,-1.6219647175245235,-3.7715317356875433
-3.5876887350334763,3.421714037035547,-2.7993485138729133,-4.468193814349127
-4.180486907790689,2.9263390376103664,-2.479816116923794,-4.567005285437369
-2.9945753068705687,3.9193542567032504,-0.9659486039862037,-3.173444653376995
-2.152975593608363,,-0.6603639943668593,-2.746386187893753
-3.0126895190911096,4.032026863079522,-1.813345612312197,-4.00555152176959
-3.849744262752535,2.8092358874970715,-3.3831028293952192,-5.282622726306529
-5.118203335874898,1.9898899924830515,-1.0953844508788513,-4.294889785940465
-4.557118436302474,2.3060702921974303,-3.6771989870303794,-5.610197663083295
-2.3666075013940118,4.524654234958963,-1.3193482036144593,-3.4365113825391504
-5.035069276027139,1.5089739339436923,-5.077342875986277,-6.736548865232461
-0.8491237147644313,,1.0735312264213128,-0.909378493622921
-5.842464518397936,1.0716137533961276,-4.593620290641801,-6.870221903205394
-4.3195426392703675,2.5686695684194687,-2.9704957371348524,-5.076336920198374
-2.3499359126072,4.404935863956377,-1.6617703436712337,-3.3019099623336983
-3.6045210376504917,3.0429562185861374,-3.4479432287958725,-5.099660487809202
-2.9749294978727665,3.9756243704054937,-1.7502633059779225,-3.4969885995072154
-1.5008237000081626,,-1.5739760133260883,-2.9623985275075166
-3.516311712629297,3.8336692424987016,-0.7774351954605445,-3.4138411445429604
-4.2330946245395,2.6211381015024657,-2.825866714904249,-4.85064029128152
-3.5906976917009596,3.460552947328141,-2.8420263817187967,-4.8403142408653395
-5.979668118146224,1.137379756955965,-3.551557968828285,-6.066530818765219
-5.677158058084297,0.9648924329409185,-5.55630844260863,-7.143770322247987
-4.7531414838269725,2.1759003035910625,-3.215385637839963,-5.559794118242084
-2.109005755404227,,-0.4976054722635488,-2.7461991396236627
-3.8146189086009135,2.7003835480489107,-3.6896601792796995,-5.309504885452502
-4.316600303875657,2.1441399136720185,-5.750217899008511,-6.949838052644607
-3.684994301756093,3.01526557914025,-3.726883961997415,-5.271492766294575
-2.6604571233516765,4.229938439601541,-1.880602399860901,-3.6480506855195487
-4.921302348788958,2.0892662356206335,-2.7777213897465773,-4.78190062720587
-3.5632884476915754,2.8017353384745096,-3.6673171863934084,-5.129206385841301
-3.8576126893002254,2.8369613323522613,-2.392785314776464,-4.613711889077958
-3.692422073690283,3.2823969466849086,-2.890574314528515,-5.055288532503608
-4.4491426556551055,2.0697348060454592,-4.579655488363312,-6.176799567902162
-2.7594582776900256,4.010396057602309,-2.806377765051929,-4.030642306602983
-6.478738297118565,0.23223732380925632,-4.784336833497898,-6.851647881953664
-4.769892218729416,2.2498749552123556,-3.27332772572328,-5.567543472495856
-4.206751270744488,2.5078467519035272,-2.8869913331191723,-5.016566236134028
-4.110092569607977,2.6187449710520516,-4.0449029442893405,-5.901223981944161
-3.631024310955509,3.4144912358122084,-2.339537343767127,-4.422309213745741
-4.089740664436759,2.667824941219928,-3.1516121057276036,-4.753657560580554
-3.7238755365243494,2.786203511954999,-3.5061826550100843,-5.006489022384932
-3.308069987273567,3.686863352342698,-1.4621489808865107,-3.793671667853932
-4.49954139054738,2.1599712683383587,-4.173847679076837,-5.58607599273874
-4.499694329873902,2.528538173534638,-2.9945275640696423,-5.073306887078806
-3.6278755772628584,3.292985239612153,-2.9487305280334635,-5.094685073462597
-3.343350011583943,3.403914843750886,-1.8919545061664116,-3.9338667330474726
-4.331373742482479,2.5463341570889053,-3.4592784936865217,-5.321608281816009
-3.1675560768872053,3.8926225446393827,-0.8938677322857211,-3.1001711602777364
-3.7022019496856715,3.143258689441635,-4.223314120915322,-5.671694609471805
-3.755371776053476,2.9007430064825823,-3.922902784222429,-5.726680684528179
-4.3049712812272265,2.4576210365651803,-3.5111010645060636,-5.2399879657930954
-3.7809757368279384,3.0049876218507596,-3.3200616341649045,-5.102212594848158
-0.5518060688107624,,1.0170707439445517,-1.4130444212311004
-1.7547338322138417,,-0.7581079230286729,-2.233333287610952
-4.358704412997641,2.420889679534464,-3.816273506962963,-5.624004470571402
-2.3190969377513557,4.492017915444665,-1.6629513421586,-3.3442687964670146
-4.352051398125178,2.740492029762982,-2.5294435301929767,-4.550031751383561
-4.3351099349176545,2.5228897666347048,-2.843666585085965,-5.230200857980083
-2.93865940065548,3.7979505411000227,-1.903221948334791,-3.3706109013656835
-4.229210903714727,2.6148126311692517,-3.4060608144747064,-4.912982709814963
-5.414083584499862,1.3454260395322528,-4.191946305397853,-6.2686927077890005
-5.736383990710737,1.233248011315661,-4.528676363878448,-6.454926854338173
-2.994897173314415,3.7819044554523273,-1.8327653583975607,-3.5404089447235747
-5.103254274429499,1.9647051565780314,-3.710737272330976,-5.803391523732111
-3.4846077187066387,3.4186213438813975,-3.2075456779048976,-5.390499282431054
-4.512245282796417,2.3319554343014994,-3.390925533919793,-5.586633184387495
-3.9647350719120817,2.8187370617146668,-3.51823621663353,-5.3138400004667075
-2.897915971800502,3.9127140162560754,-1.680087022658429,-3.805353534051576
-2.6375530204751128,4.321940372042315,-0.9851314256754902,-3.2316643027968492
-3.1226424997078177,3.7251992481612928,-3.3333045920700917,-5.157035382306663
-3.4845964792138644,3.4160549522262555,-1.941748474703111,-4.451290377637247
-6.577922143702552,0.06456646842607405,-6.157567712622312,-7.666683949511061
-2.9772297789469953,3.7088627523414432,-2.6846034277542294,-4.3046772237051085
-5.688646510206178,1.0133067865231278,-4.603754916600766,-6.589561030337297
-3.6818374264259996,3.2136983432530473,-2.6176335904379755,-4.672172371306571
-4.497500639985403,2.603053319214444,-2.010875125362188,-4.555158566107381
-1.90127238166959,,-1.202414449476836,-2.5784941465137337
-4.42225280429948,2.708018493790865,-2.3082311186712627,-4.864764095326007
-3.3243989379101824,3.5231118913901,-1.6907893953767203,-3.625192113510666
-5.379257385264037,1.1083713725971338,-4.24625079543456,-6.119610712399027
-3.9876480447147378,3.1386679906810175,-2.8051038371781845,-5.263332946126108
-2.1205158523247998,,-1.2694422527808484,-3.2394344305515865
-5.6719843628036255,0.8655298072131998,-4.894297412184841,-6.687863376772841
-4.808684692202968,1.8771252130885345,-3.6617446799598223,-5.84170701829836
-4.928160049365812,1.8600789758544274,-4.829103382551825,-6.931268000496746
-2.9040029830191165,3.4456737946202414,-2.6027904333903757,-3.8325221193590493
-3.60031674342871,3.1678018232906022,-3.599009212440404,-5.052248723937411
-3.227432621536972,3.4300104920869847,-2.731797153113345,-4.561971612560299
-4.884675836980458,1.8533933413348744,-3.4927474642979104,-5.111097730964681
-3.790436175185834,2.7721127258443397,-2.5733509342014207,-4.393026933587814
-2.096498190439169,,-1.4420530012402937,-3.014276100264706
-2.5086630929017506,,-0.7864937800560452,-2.5062882114461775
-4.704810775666446,2.0450715752893305,-2.277831128500625,-4.471077017445235
-5.017003127201005,1.7812043418074062,-4.781707473716912,-6.86020208458142
-2.002042280896899,,-0.565493392620207,-2.4550444353401506
-2.7295309319754995,4.335304918420207,-2.0047144746736585,-3.9721972125323433
-2.848762517973862,4.059110526643621,-1.918442962781107,-3.6359066560641145
-3.8051214822072428,2.879713088781257,-2.3393309695847098,-4.183299185117695
-3.566414249447236,3.32732593046646,-2.7029648831914,-4.832641494219306
-5.162944255877752,1.9039924545217974,-3.0601954041660653,-5.2898097842410845
-4.895894047661882,1.947766872825112,-4.567913261880357,-6.531950855889986
-2.2262843594126416,,-0.9824947681764638,-2.8072714463946555
-3.767034937471961,2.9146202549427094,-3.3520568324903164,-4.922440911439572
-4.435806236889889,2.250013729655627,-4.448521199239536,-6.0480389982517995
-2.582074994669342,4.235323006720981,-2.2228411763845792,-3.860724212448133
-3.032656557177525,3.795732115184462,-3.2631506646094746,-4.812650441656291
-2.302105881518063,,-0.15809699860127546,-2.3505380216416554
-4.61796472414711,2.2564418258291816,-3.8326827124403238,-5.793668000925195
-3.990990570893851,2.4708871291409302,-3.811344841338414,-5.236995590283715
-2.1301268280217807,,-0.5012409636133439,-2.2905498687490997
-6.207032567906245,0.7446548184421506,-4.581393066582726,-7.007792848309714
-4.5328829754680795,2.181133488133848,-3.093263334169266,-5.000364210659174
-3.5736448879103935,2.995486486623128,-2.9806861236217808,-4.634725324062828
-3.306777792712319,3.5080898175877673,-1.6681773561321611,-3.6605459025769083
-4.761671408606136,1.8270821212654837,-3.699186169955063,-5.72219674436891
-2.1435214855331166,,-0.9995147366162649,-2.8994494802014006
-3.3190753071060835,3.766754602340362,-1.6501420645407083,-3.874772044934601
-3.148275757946637,3.58021110732177,-1.9688394982505413,-3.9237698908918937
-4.624702809135396,2.0429150771630886,-3.68845424626162,-5.699734941695985
-3.4792143456467937,3.4287962095012956,-2.5192310174120482,-4.419064101974483
-2.9939721467154543,3.8980624464831264,-2.192967229381515,-4.340327047944546
-4.461520546389947,2.4451245420420533,-3.7909279863202263,-5.245129450600363
-3.5879295370402535,3.210086754343196,-2.945508878174448,-4.287301787213345
-3.5699715679111015,3.42723529031119,-2.646676809505583,-5.214128493797899
-4.661250224515593,2.117937847098607,-4.070463596767327,-5.7559058997109815
-2.257433589315143,4.411188685547465,-2.9072258815330434,-3.764458904664517
-3.555227610257977,3.350040189047968,-1.7518320041245554,-3.8329922151256515
-1.784778289739077,,-0.08323017488950057,-2.02953525222332
-5.365115795880086,1.496383157269174,-3.847379217800976,-5.999187793878636
-2.8435552202967345,4.099756310352483,-2.2055689750696175,-3.8718545645590194
-6.890323461040317,-0.05700103745042595,-5.4894551667367875,-7.733119870713116
-3.6567009034964917,3.2282907849681357,-2.2845527412813746,-4.593102609601212
-4.341742616664736,2.490775485697372,-4.229672641364099,-5.95758230440091
-3.196061793746942,4.02465008722481,-1.2280215400170247,-3.4266385263692873
-5.134007909551089,1.3527526053598158,-4.77184649277208,-6.767436094271369
-1.2164125330133753,,-0.14419467859464552,-1.7741713382141868
-4.426185452199162,2.3026161539144026,-2.059758409420048,-4.110469013973033
-4.226999689040247,2.643257468455217,-2.7221046801312068,-4.768748596597171
-4.463276382150876,2.561441679146335,-1.909303926965646,-4.178828261675633
-3.465700117924636,3.174079296452441,-3.1911672309888233,-4.704642092030715
-4.048667779822139,3.1722063473879274,-2.8061967422822396,-4.941335495348578
-2.7514389974508524,3.966779381729347,-2.608732097918723,-4.207568605948648
-3.9515933170373305,2.9511028822601832,-3.1986401645004694,-5.139373652050825
-5.844020300070529,1.005547140148248,-4.305371352830407,-6.583126818790309
-2.666450144487352,3.9734944941813275,-1.82046797889067,-3.311917948946749
-4.703740209864378,2.3888519934585726,-2.0131605720807135,-4.4498879718601945
-5.859500256920887,1.1516825834051294,-3.255315564930512,-5.894063433167084
-2.2977525436805077,,-0.5147563642220221,-2.8351753700003237
-4.281713154127095,1.93288926915224,-4.103296065612567,-5.601597667871904
-4.3495033115980375,2.6157074906257987,-2.8071516787315334,-4.930232517245898
-4.679437433824301,2.14158437521371,-3.468018162347808,-5.694038819395476
-1.8817073444654782,,-1.3894770012050262,-2.797142678769687
-4.767700495811645,2.0274777240313266,-2.514543665139725,-4.611959519435833
-2.6776377258683546,4.514662059143706,-1.8659684869498832,-3.795632604274541
-4.3605854894309415,2.798750676404349,-2.426469715135881,-4.4512163548718995
-2.278287322351818,4.357799698597303,-2.79875865222853,-3.830606239375021
-0.8241249466641881,2.8933420503069653,-1.1173603289123548,3.61028664109669
-0.6599758584887782,2.7702981954309287,-1.5663769551402227,3.9205703628730437
-1.0342051974798543,2.91720904822009,-2.357663438493792,4.026727882899537
1.6607007327207814,,0.26648335226511555,6.424670001894519
-2.0322439846112905,2.15912865787993,-1.9752350916450434,2.944050076369371
0.8993434388537433,4.299062051334956,-0.3796850138758048,4.898162588643358
0.848057214869151,,-0.20990452155328287,6.550374099336055
0.589018322902374,2.8882391766824123,-2.2241863962725255,4.258568551426952
-0.6920664271555939,3.214761005456353,-2.309432394684637,4.720747547516249
-1.1054955124775458,2.796605219240467,-2.784376386396958,4.271533287753678
0.9750783306552044,4.1532654081792435,-0.4627905601710869,4.632602679150005
0.7477759599536107,4.516569374602005,-1.0889957877628544,5.699717737235163
-1.145141445525272,4.088697074963755,-1.0895206092136263,4.892233583704977
0.3765612331847351,4.365653697569294,-2.0018986734285407,6.406268114482913
0.6290630938949859,3.3763257323263187,-1.9850398913388718,5.616795901653638
-0.6951708940034691,3.3230834402459117,-1.8295572389161292,4.4039581967370225
0.5547312431883606,,-0.12896125423417382,5.390566829274142
-0.06168396880500307,4.4091258139490614,-0.7053293275294011,4.762992978247763
0.6104429810771032,,-0.049348484581949625,6.614780665565793
4.377393025583979,,0.4457954400024011,8.419033789625697
-2.2280171800387927,1.7034589103800652,-2.978619403393049,2.5700711678135897
0.938145517871142,4.240743174309115,-0.7153064476787543,5.355332034081002
-0.9845456770858827,3.14685624758124,-1.2930555680587463,3.358416348456872
0.46831084916926924,3.1552625629992637,-2.140292724267076,4.506943730858832
0.9898056276366753,,-0.49972492900507115,6.195366022416372
-0.6853070910284449,3.566112432308143,-1.741869825466998,4.273026319764828
0.694740550960444,,-1.1362975453548263,5.995772726261257
-0.0526259765764969,3.9662536223039817,-1.8121239084243759,5.208424730210865
-0.5665788740651605,4.294043323460803,-1.2919375064771066,5.746215123162865
0.07696716366626538,2.5195589159662224,-2.9849925109257933,3.968860056556238
-1.7798126715896485,4.082640789715821,-1.1112874559956922,4.326844693872784
-0.32023489998178095,3.15537659442665,-1.4886768206869432,4.371665733356149
-1.2362710535625103,3.920731971664676,-0.8977895325394468,4.179881403284027
-1.7125275168878238,2.664561009757793,-1.3069202908378097,2.995133780646157
3.0277149517487607,3.7585862467150624,-1.3311089627741857,5.14654456085021
-0.02167340113005753,2.924174867716684,-2.452541195739947,4.062732118085773
-0.8927888840025536,3.064054164049473,-1.6613211230781106,4.403618023284857
0.6449362529873844,4.1293110261833155,-1.1753778271633861,5.4920858510632184
-0.5100552829818612,2.723161962509257,-1.8838283230033241,3.2373942466762635
-0.9485930248717859,4.0217445700766055,-0.9158782386238032,3.8236295393805233
0.29067344712027,4.392463111235559,-0.4710252513214541,5.374117902368805
0.8436428522655399,,-1.0135035667252024,6.251430363815105
-1.8644230828536816,3.6627253238512054,-1.7033243398341216,4.503060652822394
1.8677477457258438,,-0.03836399855842343,6.463896527387863
-0.7570338977838035,3.553912192576158,-1.68423582653477,4.9346110637858684
-0.043935948579698514,3.0662696113006156,-2.897185717276038,4.905031254980267
-0.32579762591761485,3.485135864882153,-1.5905170519172764,3.643987845020365
0.40977180914422984,3.6289995716402754,-1.8805891423861765,4.909748683711958
0.24046756176873496,3.8427944243189933,-1.616072738852478,4.744007062646632
-1.0132406275795152,3.182026268325993,-1.8364424254788019,4.473301614385016
-0.3299799507743828,3.757426810458679,-1.5224081243425511,5.216431142018995
-2.181724106580734,2.5390624231602454,-1.746212375142485,3.198694110788738
0.11415560979824191,3.5555582300352824,-0.8857510387675119,4.314526096965502
0.9099099875365477,3.9723083668509176,-0.9060854718016481,5.622753686939225
0.13886220284527356,4.526554902826452,-0.5475532701091659,5.593767645126908
-3.30070435169771,1.1612867856833096,-3.299005544258553,2.042045408274735
1.1640299767827238,4.167515351811497,-0.7900874262104548,6.440786886800044
0.06439805492191697,,-0.6052660109099345,5.657975793068742
-1.762582318587552,3.9464170174815028,-1.5253750180840415,4.432314275229647
0.9966003975373918,3.7092959063593782,-1.111672623767313,4.349181886303882
-0.9027658430351042,3.138250150773846,-1.330728814466797,4.110373599014299
-0.4532484949123211,,-0.3310766630659854,5.189237619692522
-1.8534018814884288,2.3013674937728403,-2.3415777049912325,3.53960436766668
-0.4285419239681314,,-0.35457855924369985,5.274097358245635
-0.8873104594554898,3.70498812311986,-0.7706393371990459,4.6807501288378965
-1.2090395678460848,3.9812759693997353,-0.6843256160062752,4.301983318801477
-0.08206539767608753,3.1690366041637326,-1.3600247351460342,4.178867753718315
1.8858447574924209,4.522991402208121,-1.45898576258856,6.1803198389418394
-1.6527921775515622,3.493306067790382,-1.6076139645396665,4.005792229105647
-0.8480006295842326,,0.03813304341687851,5.479449650167255
-2.3256263483995667,2.0027685823471195,-1.8667329733964235,2.1669216814452916
-2.79161056463613,1.6513814223884373,-2.6005185523333187,2.6886527653422605
2.3184687031133135,4.184699111538044,-0.25951001810387186,5.338244999642944
-0.3723029799621802,3.3371666346488764,-1.5927015678887328,3.745706948626352
1.1054956043754502,3.2993675636532847,-2.0502917143704975,5.247826781695119
1.7743689458162226,3.825116954032084,-1.1786676358559443,5.876638718548736
-0.7103221519931728,2.726618300033283,-1.9787963580920738,3.7959034820578523
0.9565938176284594,4.124760723108972,-2.1126435330886255,5.91781863212309
-0.23368685975698256,,-1.0073802164544379,5.737909142959218
1.9440855269478465,,-0.5773623711450425,6.403511072005602
-0.2854225685519752,2.894278185766536,-1.5186324986534236,3.967290929385951
-1.25587595980005,1.0545623921236533,-3.136573113501743,2.904871647135641
-0.48064291223425043,4.071757967362157,-0.37018634524128813,4.85832066273164
-0.838982504120298,4.104710479768219,-1.4807781952129706,4.371062635802832
0.18641502692632056,,-0.9740733066928159,6.769479344999722
-0.367289107283579,4.200934190870471,-0.9963062284414276,5.1343058715742735
-0.06200906898267844,2.980954539062974,-2.33573614996568,4.613845456625907
-1.9266498923698399,3.1237857876808808,-0.8765979109960065,3.176886196123279
-1.4611591700718936,2.9370102377721574,-1.4062854637988462,3.9087730692350053
0.11408606059712484,4.1290117704126414,-1.4743301961962199,5.505146277756026
-3.0604595496785727,1.4799159120041048,-2.2078645361726816,1.8299741555416955
-1.2682008084530279,3.7298235745744894,-1.1006091914626954,4.77519435320813
0.8352201788392419,3.426610881472044,-1.7354798490141958,5.099751800563403
-0.5462567139911143,3.6440708844909464,-1.595124129355643,5.185587753355292
0.21614807517712137,4.208061403287999,-1.5472123203251904,5.09325088687194
0.3867305227257859,,-0.5497052201361629,5.958729031061883
-1.644624202315693,2.9691104262335197,-2.385436504652719,3.417546507767722
-0.31135897551055813,4.204818799300758,-1.5678098724589167,5.839843517164455
-0.48698256929415007,3.840967277586439,-2.0473526382715423,5.615710229229252
-1.4849262761131987,3.02342012008116,-0.9524271851441214,3.6565392454908503
0.8445389930051466,,-0.8337106938046682,6.106144707340287
0.34940776015952757,3.5245596816301688,-1.7565976107999004,4.278875558061087
0.4804668423989741,4.304969961780301,-0.8031493679351697,5.24572134128331
-1.0383697156811378,,-0.7416175246344643,5.107790099971297
-1.1735033822368823,3.770341105417439,-1.7995949165441583,5.245707564382189
0.049407076126736726,,0.2603090847491223,5.036181149228558
-0.932417920124323,2.374808403565078,-2.744286834723807,3.570224130330432
-2.9609047093552503,2.989926335197981,-1.499923202839436,2.5523249509660753
0.5642598148768015,4.2200370286530005,-0.44009679652978906,4.516372699639583
1.932511950134567,3.1724706797194004,-2.7329071685763893,5.83033360512464
1.837610554590655,3.7978569647610474,-1.3274452472756826,4.906135480521963
-3.8546409794683876,2.542852340879431,-1.9117933441155377,3.0383783669841775
0.834301908633307,3.7952665949830897,-1.7323533247299996,4.741560981691857
-1.5874044336311444,2.210845731715051,-2.746280132015001,3.7704514234396713
-0.9115307812446743,3.0722828851144977,-2.8903554908791547,4.140200316423019
-1.57020336289559,3.751063518038171,-0.8072287339942604,4.5105938282818405
-0.9062838108064639,3.337421629198513,-1.2544837336043746,4.124601630278953
-1.3232407848151375,2.0386873921100492,-2.7900587558488494,2.793982468616105
0.439952346121501,4.001223466160827,-0.9787765585669947,4.7610921975741585
-2.366141697617457,2.727632518684289,-1.9005387477092557,3.4488930682013645
-0.9568750603255702,2.8545548678314754,-2.6098212885136447,3.7086645587877087
-0.8049217503381154,3.5949770566520347,-1.6170983182953707,3.628184105878354
1.6513404639412013,,-1.3067689573109722,5.755346103757694
-1.8752549592524888,2.740129338690676,-2.0296821061628965,3.886489137695013
-0.42670181076470676,,-0.35175008133800745,5.757176937963387
-2.8354024752265397,3.503467796887669,-1.3546818317480565,3.7844574244096996
0.708292329012767,2.1406904510183797,-2.8223966373433975,4.228003614562627
-0.7607173152706467,3.6112390099994425,-1.2579102490516028,4.700786446540297
-2.261758068164325,2.963194248244152,-2.3509443606353764,3.6164539482440548
0.13003102864019572,4.11288922687368,-1.9693540038929407,5.358998193703456
-1.5420558936440552,4.174967631200293,-1.6963043252167405,5.127756218269468
-1.5494012235461307,2.067423067081088,-3.498188805119744,3.843299089600169
-0.23137954347280748,3.401830731748866,-2.0450333934038056,4.499701270113989
-1.572776917179825,2.2101202875185564,-2.463138187405669,3.375811015926158
-0.6538005392521584,2.879545691247691,-2.1801057999174267,3.8867256210143584
-0.7280901318880909,3.9474762590141173,-1.5669830434175012,5.711853780224562
1.2941380349288851,2.7170538147077243,-2.6863360402063163,5.096855307391201
0.8514977274724893,,-0.3147845800492901,5.092311466608448
0.7455525354907945,,-0.6810975289799465,5.823122411237769
-1.682862051204781,2.5775004856679242,-1.97106720988969,2.4956426074565385
0.4400195804828171,3.1436252532893434,-1.7084864719580308,4.2855131835726725
0.11628730119599362,3.866976644653074,-1.3905439442978538,4.3282147207808706
0.3221705094758789,3.406027921237103,-1.326378948843721,4.423690367880104
-2.4060075548782924,3.7319987828897934,-1.1957165171247675,4.535721290330677
-1.7386207109915743,2.2916202835434767,-2.5249862869415067,3.0980909054447094
-0.1455286601542618,4.00954571260217,-1.5447292643776607,5.449457963202546
-0.7052283792620258,,-0.4237664887848085,5.520057333713367
-2.4139473592829463,3.3939610384760583,-1.5639310365824022,3.5836407967388126
-0.12232472097357396,,-0.8676649437846947,7.458703743654907
0.25460260168847865,3.9577205273993794,-1.4814560673053743,5.025251820312939
-0.2790679501931591,3.1610132716786667,-1.7862000422170732,4.305338500551092
1.0450801550069906,3.0849411359352366,-1.8387042521078707,4.184159376694621
1.3128419339485033,3.452996585578531,-1.1825151306626411,5.075169585775249
-2.9962968946234962,2.5187316174956997,-2.0060258218700624,3.6583512836598704
-0.3166035354416819,3.218917100693262,-2.171938283405723,4.587642065252373
-0.18644325425323371,2.8984261158074145,-2.8047882302562677,4.3001532313806266
0.046482513282433524,4.260749803186602,-1.401249441753872,6.162942232698908
-1.5769606737072233,3.577802952337667,-1.7034932329553536,4.483417140797644
-2.3664066298798074,4.27643330008912,0.280830429279332,3.866041247060834
-1.0566373737488677,3.1563068999453954,-2.1680908408503257,5.0205116423682545
0.49448052012681165,3.6162405360584673,-1.1134032821734294,4.823497971502361
0.5733547263538139,,-0.2779106601906818,5.365789228933705
-1.6405710187454163,3.360310937828638,-0.6281078569521327,3.8945014368585027
1.056049914549565,,0.016441618991776874,6.858602812905439
0.07727759476490248,2.0539032168675293,-2.589505950320162,3.867620178998912
0.6749626911682659,3.381910486941994,-1.041650271985133,4.719272658832782
-1.3872142329333912,3.3579699734197526,-2.4733099595497094,4.131483487981409
1.5807413674478,,0.1479993499669503,6.052684911183941
-1.2037894447449005,2.5127720274675585,-1.9779563254482904,4.115553491578468
-1.3734825299975733,3.8486255520246146,-1.8906106372005071,4.329319070266381
0.23605528815249988,2.4257995259317218,-3.0767303672517725,4.420269219178136
2.362364283500301,,-0.9863443944317901,6.3926129216106204
-0.8446343987078873,3.8783338360635935,-0.9787581186186766,4.404271609646567
0.6109228362269217,3.573376010495355,-1.2918899144508464,5.427951550779152
-2.921502446196033,3.7621222428162393,-1.3830157100884282,3.1722079542628263
0.033171203670135985,3.489437630889788,-1.274683329458579,4.695218886305106
-1.3178315954591728,3.502497448689401,-1.585819797755784,3.9742743591396423
-0.6778691241871874,3.9679222762622,-1.339999739325351,4.919300547948161
-0.2061604841462101,3.6690739272051247,-2.1484455345418887,4.837125103544427
-2.6349933050066703,2.08690329095425,-2.4949178743608327,2.5519989401012926
0.2591214809596206,,-0.41730802043480275,5.842465676071266
0.19355577299046806,3.7409690832177978,-1.1604717153334891,4.989325928629295
-0.8147148520055397,4.101433185580831,-1.6525578832899874,4.469755574711219
0.576887634685793,3.832781393538878,-2.0464715398388273,5.35673192840532
0.582933012654055,3.433836067693763,-1.399695322173433,4.517278087838799
-0.4829997112362654,3.409547664094726,-1.79067309800645,4.0350127314031035
-0.2862191193244736,3.4135254198340808,-1.9653216692971007,4.760932293844499
-1.179679352800092,3.0762882327868932,-2.391608869470293,4.048532480387711
2.630561659401829,,-0.33630594717349416,6.919689250063202
-0.48520261000368065,3.7693529835721944,-2.0064778351272303,5.351388398656962
0.05212762826318812,,-0.11068941856415271,5.90667817728322
-0.9571707858904666,4.33026848040435,-0.7697486280168925,4.931180659203352
-1.8332663521029522,3.961763731950054,-0.29280905799256507,4.277932020900548
-1.3027756600185405,3.9240634753624897,-1.4146150743311856,4.580300697887897
-0.19910329652689818,3.3461552812572144,-1.9235828685592047,4.179907287689368
1.8460759368391249,3.898578447703823,-1.211031239691954,5.629734607490771
-0.027454426834108953,,-0.013327677408387695,5.456399759338274
0.9138120359686168,4.114485953943239,-0.909950475238334,4.909733041824375
-0.24432253456583958,1.7863970581841577,-2.594627013054423,2.7108326425240703
-0.754870774236214,3.1709545581117773,-2.0957965420421156,4.095760905972261
0.5845569432978134,,0.652710256784609,6.2241512085330175
0.9488542628347474,4.361830290994661,-0.8259208867899376,5.520448755942097
-0.42075336480377756,3.7606430499836327,-1.0826650120853722,4.14091267721896
-2.101527963575544,2.7300958643953157,-3.047819074016707,3.590559170370849
-0.14551113361483775,2.534431723464497,-2.4858176920201935,4.817345162541443
0.19495377717711482,2.7794355145807885,-2.6230687483700788,4.61038310662164
0.7157917558248463,4.106322856956326,-0.6672901639108483,5.434128424813266
2.423520284777294,3.841046110414786,-1.8000744885827857,5.825454681497913
1.1605926225496899,4.258712545406329,-0.36102049699687155,5.057898713826153
1.2989748349828076,4.463446179166197,-0.46347652060133204,5.384896731601998
0.0236982335402931,3.7765742163806095,-0.6390278392893803,4.126421955682734
0.19860599337083795,2.2677017978956027,-2.583242309221912,3.800376272615308
-1.2555828702451008,3.080866085771036,-2.086251427758612,4.920061739715521
0.018366071749365664,3.615032510271009,-1.9058691151301719,5.0009248676423645
0.4909431006517536,3.6344395761555393,-1.205370087715992,4.111586691514341
-0.1450718591373161,3.2443049989032646,-1.394612941954375,4.7572201613806975
-1.9610149062791316,3.7780189190669873,-1.1886440364164317,3.9011577936487325
-0.1235814564659911,3.433287601055609,-0.6932969630184979,4.075434433677024
0.42875682102749024,3.2618329408056677,-1.7358133916912482,4.896438330611905
0.8203781352476505,,-0.5326516803721743,5.717827105595644
-0.21970417208702342,2.927325787480308,-2.377116526898143,5.1900169341000435
-1.1079704587413541,3.724109441153616,-1.6892324241773187,4.295015151441246
0.36081336831686384,3.4000423371573776,-2.4208521107413095,4.13680051959214
-0.9485104018366464,3.9081408935387247,-1.2550305370515265,5.017692505372244
-1.1715090396804917,3.3378776072834033,-2.2140938048283805,4.142312088275931
1.9182884152373219,3.7384421359541005,-1.4127370421279173,5.063713861052355
0.4070997582525132,,-0.8212332382949887,6.088822022696534
-1.7783943113668774,1.6164323148070991,-3.135498938111706,2.987421341258472
-1.6330642918794254,3.4030012989323875,-2.0058916638428057,4.477290757969609
-0.38614360769664513,3.270692234650169,-1.9979983846474276,4.252279714652096
-0.7001997057548365,,-0.591544998730337,6.242100451076363
-2.2846499597550287,2.005626727506738,-2.604836339252925,1.8417830499145476
0.2403328850275045,4.076686454542843,-0.9331764242133025,5.284944762287959
-0.7378380338412632,3.16302324371613,-2.3089508176936957,4.418764595358986
-0.043999030574248615,,-1.285729105754055,5.7670522099201085
0.3266917293407483,3.9707300739142366,-1.7822812715389724,4.211096721631776
1.1044467738472612,4.0209615881546386,-1.1637211635147737,4.805251940013184
1.3652232905222887,,-0.45120826344498743,5.512102661452359
0.4158029234012963,3.717797935590992,-1.023824782329576,4.399664726576133
0.07813334652605658,2.95280350207178,-2.649618763037045,4.036939562490152
-1.625367549615135,3.1246417162554456,-1.056079666117342,2.990113631991865
-0.9622611865380957,3.461390283634166,-1.6396232614711441,4.239850611512541
-2.5010088729024558,,0.24173329299252222,4.800484881938537
-0.4428400885788408,2.930492526191513,-1.8758263811899136,4.667361039832006
2.2098886820004435,3.8765268033867266,-1.7576434856178942,5.111602579923974
-0.16569077634100757,3.822928286234733,-1.7228436301754833,4.869808288351198
-1.8394247036093612,4.0842363099760846,-1.03022745933015,4.816121348454331
2.5856608634854963,,-0.6959891335423071,6.751054887713137
-0.46075294944024286,2.377662160956784,-1.9931266359812545,3.406906167295035
-0.6979120198989905,,-0.2554996717148814,4.308816567742372
-0.12240152616645086,3.9080678870534937,-1.390311105007702,5.622631068384191
0.26124638804875455,3.885878471576583,-1.152660744031785,4.805654752906293
1.0147654079433994,,-0.4630334304769821,5.5168752445989355
0.9936231904585409,,-0.9737512312691337,6.091409334211251
0.4074265765909666,3.718817653357745,-1.6032015196524214,4.970158935388767
-0.845077783081302,3.7530210397627313,-1.3524546410873264,4.374730450713805
2.0310678373780515,3.6464507900900545,-1.840457191473324,5.355945265115079
1.6965424188376808,,-1.7710950265760723,6.4501254589517805
-0.23693479344112675,3.9209746243005013,-2.2977748008871903,5.947849089053477
0.8914086452606735,,-0.2655028392425154,6.0424876769865286
-0.21355992315749897,4.313392807476423,-0.7906393580395212,5.069346619441745
0.48295980858013177,1.6911052952450656,-3.2567023533395405,4.047906980205941
-1.996052816208142,4.089109196021724,-1.2213298999964948,4.5568602003504
-0.8189394936931303,3.105385443282103,-1.8844114229796856,4.265725226101412
-0.8725285187891381,4.254584383161135,-1.0934383753231762,5.0551048341119795
-0.9842941787479424,,1.0254231581420004,6.277116030383891
0.80512384598288,3.882396337430772,-0.7656724126452713,5.614388695455292
-1.0100222856376415,,-0.014957930076004322,5.025560406881424
2.225094346078482,,-0.3181919784842082,6.197981744510562
0.11063539451323573,3.954594705276852,-1.2758280229292926,5.880033909601895
1.2763588658476601,3.4511927475203863,-1.525602556774467,5.130558612497452
-0.13782720711530982,3.215368515262992,-1.7511498237685823,4.461076627964926
0.0011576396455883486,4.434844538210902,-1.1426615986672213,5.418558977205077
-1.6801347072345978,3.79306906393131,-1.3522789610073325,3.4289481717421655
-0.9871510722826975,3.320567483901928,-1.328574766132588,4.55271081171057
3.897499233670345,4.0439448214173295,-1.6404638526368052,6.288719425281492
-0.8901075909115364,4.480926592058319,0.45485500765945885,5.147223415405362
-1.0626658582819326,3.126668405821292,-2.2637405319742476,3.659849929940308
0.46008572600350994,3.614522779324977,-1.7045948986534127,5.024780623575331
0.8255994359992507,,0.01761035132751787,6.562954164090543
0.4401017522619094,2.6561757747171573,-2.228619705813316,3.4018878904915937
0.2923260907919789,3.820852616683884,-2.065182943662802,5.206106183117195
-0.6672379430499804,,-0.331070169942703,4.925510245393157
0.7112992787412158,3.9974772635505675,-1.572334958776875,5.653986556798592
-1.6123451246837504,3.3366210396749088,-1.686453254944025,4.24378742699872
-1.4065838167240419,3.405630871472643,-2.11989090125633,4.653432842076597
-1.4032272128660244,2.6239138998081946,-2.4062391138759507,3.715938532991254
0.5775545485922395,3.6727729708872756,-1.8141328635848009,5.7152292312048285
2.2519519083019297,,-0.49436670291001206,6.5409512373695415
0.49153510104295295,3.5567588646928257,-2.3860972321833387,5.589686635295953
0.5805755520784135,2.667645162577177,-2.2887177688903186,3.7672818137133626
0.8088144311155314,3.950014226791568,-1.412330358158033,5.780139151838863
-0.9774669281267456,2.5000944846432938,-2.412585313298652,4.133987209475251
-1.1045937221631472,,0.547922821861599,5.675683908737844
-1.3332668664992493,2.444755445289851,-1.9171670151827835,3.512945270312083
-0.7087433054254031,3.4677449712791586,-2.0384368540619406,4.618695949731443
-1.02081637298404,2.9390784871688505,-1.5023275115144255,3.9644700788896325
-2.0594155907196408,3.2250161879844352,-2.003152167233692,4.834309618590418
-0.4936506104989951,3.8362026184405984,-1.5507969965471429,4.906602718466756
-0.04747930231071476,3.870197524535455,-1.299453993896884,5.55571363345433
-2.2835438316516377,4.079362253099777,-0.8025552180829846,4.092981525057766
0.06546528555719355,,-1.2418785780459825,6.60316101626311
0.20681794022808264,2.976930480211355,-1.8766599459792017,4.137942765432483
-0.5922430342216558,2.5319926388503107,-1.6455123261834914,3.6722811878200767
0.15191064597964277,4.045869449538646,-1.9759143560251688,5.057232021093838
0.7603166631527424,,-0.011549764295537113,5.782789624402471
0.5719757265383036,3.7575424281845042,-1.8469073784006371,5.425036281496943
0.58865220410552,,-0.32834257311467496,6.631224138387704
1.4468750488291218,4.449427242112486,-0.7655846067403876,5.488945143586885
0.36095793145156807,,-0.48860861101893627,5.133584352166862
0.4944571814170676,3.0251806492916242,-1.7375308898585153,4.461256997408842
-1.713753529008064,3.322461767225714,-2.3197098099613678,3.621258135526789
0.9459341233997292,3.498635607599742,-1.105590569503165,5.66714287667129
-0.041062556823839275,3.424122511482948,-2.0251241302010006,4.146935670337406
1.7138373563526361,4.182689591640875,-1.5756841206836472,4.803750824351195
-0.17487909264435914,2.8090250921689313,-2.8648686590160866,4.196853745106745
2.218407360627643,,-1.4403780569581892,6.666552040495958
-1.5905812733694769,3.4403701309975716,-2.2036626012908576,4.037641545060264
0.4214599664086457,2.986652424307304,-1.7105801406443693,4.741427552417263
-1.5742546714265844,,-0.510537546857384,5.43131993219681
2.006381721632655,4.335189507841634,-1.4770765388581695,5.8938884975874615
-0.32972431595540014,3.0008072347262917,-2.0044780420861357,4.06441194100169
-0.13460461543812252,4.100193354575325,-0.6404187658048845,4.806643862124599
0.47573432317868813,,0.4489431620400426,5.691508398196049
-0.2414686993775589,2.5911196526440445,-2.30284905865176,4.186489410708665
-1.4105892570866458,4.094208629524896,-0.43960594279505427,4.1522704535273425
-0.326562183963872,3.4964997068473918,-1.6872994983613274,4.89394183431601
0.4343924687875389,3.637403413253337,-2.3031495615956463,5.826395547001885
-0.9115719236247488,1.735109732348547,-3.851953561559645,3.842841315061014
-0.6332406183313021,4.184018583722202,-1.6874527706633624,5.802219098522116
-0.7052244789142005,2.16651464933536,-2.402131643659033,3.5196389725560087
0.28924302818142644,2.5684649060087352,-1.7921984357796865,4.15445158060807
-0.9871813183402749,,0.9014593072976358,4.83746446021961
-4.926775721477158,-1.7753540294676258,-1.6984634577920945,2.2237824169953218
-4.718006872809181,-0.576043354077481,0.4730345155767085,4.705049889450192
-4.4227231542063645,-1.3657224073526453,-0.9914520756493582,2.888549734043713
-8.66016875021533,-2.538321235285725,-3.0416303199830126,1.9475071812257299
-4.113057997174715,-0.24681013241727695,0.6810290855983551,4.721970174313916
-5.539068970791552,-1.5450415386753653,-1.2153481825733545,3.018496717709194
-4.939413277068093,-0.13318958884330623,0.5180485133951218,4.796941338754154
-3.4823321094776043,-0.3641808683470006,0.5417296484825245,4.347156495979936
-3.853126790767011,-0.39507766917613985,0.523065424417124,4.459039221903878
-3.9642210343072573,-0.7542384241423716,0.25929029670512327,4.208258622575382
-4.211284487451806,-1.358430990304694,-0.5553844391511364,3.3537731421288877
-2.4399688828245463,-0.31143687391755537,0.7022358038889595,4.175658812891171
-5.144164440626834,-0.732284268914299,-0.006061102313147562,4.2783495814046555
-3.291746970262044,0.3940508305837669,1.257783514888853,5.081305870949186
-4.629369506307528,-1.862877857900639,-1.5121627046991764,2.373932700463545
-3.618565808544516,-0.6757246168912229,-0.011936392144786527,3.7377312381757815
-4.965623994098298,-0.6304639619837827,0.1013052897148273,4.341983088250348
-4.469418835610581,-0.7406809140656604,-0.2533376491457008,3.746219108257648
-3.9975830980294482,-0.1941518107320569,1.2582150927961138,5.387937804431522
-6.425561315792358,-1.4372148504587603,-0.6487122897964072,4.009767909744564
-2.1682795558120476,0.17323329845867608,1.5745106724116293,5.10483481473905
-2.683476207263151,0.285583381641592,1.7041079021234196,5.433687800004946
-5.326043276029713,-1.1764211674122964,-1.0125349553817649,3.154067082718864
-2.7500271029747454,-0.3261612534682957,0.4247391723908404,3.9454359352517017
-6.394250006709464,-1.2713000723814782,-0.8485100821932335,3.736253339770797
-4.203128702733942,-1.0133633522425554,-0.08187675379023482,3.8952598159022203
-2.3040980352731615,0.6942800716164599,2.10531808763696,5.753293325221896
-5.394458306671075,-1.4136161359875898,-1.2268330335964446,2.9366660573527508
-6.665282751864755,-1.829151471591625,-1.719691784069995,2.8156446428352764
-5.291609807167058,-1.3921567398157573,-1.1463298727452345,2.999674395862962
-4.497070178789235,-1.3713281335639138,-0.9246711250030993,2.9953472060544106
-5.346174867435137,-1.184165438399401,-0.586848467698875,3.682909857066127
-4.302132968860416,-0.11918767223447946,0.8946749597845758,5.038114982419959
-3.8316209082994885,0.023452524137843267,0.9125190248345281,4.884256219260452
-2.9902581696483193,-0.10550228012195184,0.788820091155028,4.4545514130529815
-4.872940886066527,-1.6400294010766958,-1.3326879341433133,2.6567271485653072
-6.040079126856871,-1.6829977643375447,-1.1295307547006055,3.3072555487699304
-2.107250916328045,0.9492683930224717,2.4757343506730245,6.117247644837889
-2.5904670754950274,0.40208985932843677,1.9084916496345585,5.640158181691185
-7.154274492651684,-2.5544613172943977,-2.5631143989712086,2.0223869004055737
-2.8280074987245394,-0.03276336653719314,1.3734747822485116,5.107790461109735
-4.456761740516678,-1.5594448581370897,-0.5893972641165984,3.409986068095095
-3.250942049309919,-0.36674292803006064,0.623835392533987,4.365249178109177
-5.1188010017921055,-0.39507946584589493,0.1987929047489857,4.49366141312002
-2.4004739965893496,0.34959147239824717,1.6854424095175249,5.31147027615531
-3.333246805305831,-0.2225882193158336,0.523549222122152,4.26046048784215
-5.436476994782322,-0.43213843100554206,0.13608022196286446,4.5336330148127155
-4.739225712396068,-1.490278089979336,-0.9227472816363904,3.0966639768684283
-4.133225027670077,-0.9309794756992718,0.014799153108498983,3.978516412061686
-6.254168866712821,-1.7263983043899644,-1.7744633711915205,2.5923784218738013
-4.297325069580121,-0.2726040627412084,0.30526850332509237,4.324379324829176
-3.945185317524436,-0.2579711464638358,1.0193344034710887,5.079460747639276
-3.5960927219845304,-1.0297192538579898,-0.13169121189630917,3.6234594641283255
-5.233451247338749,-0.5084129519331647,0.004143810532715189,4.302147225756645
-3.7835258928428668,-0.06372969548901364,0.8232410914372049,4.757255108978635
-3.87534734929345,-0.9783561924583968,-0.061504573140142814,3.801370765028614
-2.114722219167693,0.21177646783110227,1.3429303814427658,4.797975913364648
-5.367610365071643,-0.5243329868690967,-0.08058673258782925,4.246640511325865
-4.189999333716006,-0.47113906339355394,0.5010340655427372,4.556381519605786
-3.808616272382488,-1.279176969179936,-0.5756212980581256,3.18003874716938
-3.305788143436992,-0.2645487231434879,0.9281257491925334,4.749790608783545
-3.823189623903541,-0.6871275458618759,-0.005970892570242442,3.8195054223989087
-4.50030107398975,-0.9501755850814069,-0.49025368427998983,3.483637017520312
-2.4581718316905943,-0.19168350185151084,1.1077518387823821,4.665533405680224
-2.6110249646356998,0.9375937649938508,2.276492869804184,6.048997554169535
-5.5862090780023825,-1.3528683885266517,-0.8647351409484525,3.444080759639419
-4.1416203432777285,-0.27423696113276025,0.5266524289907335,4.543652109009493
-4.671928711027371,-1.0357917590438193,-0.7058629392998688,3.292847536891461
-5.222704334025231,-0.9719010742143562,-0.6358918465583082,3.5564950590526196
-3.265332606491471,-0.16318958799117678,0.4627064504909161,4.151344667637026
-4.048309503954658,-0.7371444414456958,0.03949021756919813,3.96221770189037
-1.6872453303801684,0.06022273731541594,1.0467594581349042,4.297523951453633
-3.7334188745187484,0.01929619359379231,1.1387222856407893,5.126544869912785
-5.073697952353477,-1.460396538737935,-1.098281757685782,2.9868832143146236
-3.2555146233380876,0.25354984661249247,1.4098900126508398,5.273273730289677
-4.891899608302841,-0.9322212813681809,-0.42776900703480614,3.7044734260583576
-5.604603710041718,-1.07446225071836,-0.47811531457623196,3.898710492708978
-4.3526629964460195,-1.0599600520258203,-0.5527673068817511,3.371551978155056
-5.267942444709094,-1.5070851923413588,-1.4318200647725583,2.6513561136708517
-5.410514681929049,-0.9545427433709214,-0.36575781059849705,3.9541492602659973
-2.1691354363916164,-0.14328234900090686,1.0543211742062137,4.499814384084633
-4.989645858965867,-1.1839281329217617,-0.758382561405722,3.3430902733234085
-2.7425410551271234,0.3121870992516287,1.2447700777707786,4.882575711740739
-5.902753191044864,-1.6262445337372133,-1.5162431129225928,2.785073750798407
-4.741912298370963,-0.7102603336018438,0.3234769847706034,4.547681152968984
-4.848046986212458,-1.518427486676253,-1.0518774513939648,2.973201846526495
-3.7845854861473445,-0.1739492918110016,0.5184873518379085,4.40371677394429
-2.3018803823214626,0.38448591907554897,1.531794846941537,5.080491682509744
-5.128444658884328,-0.5687466418284173,0.20733992053468348,4.5218421584244535
-2.9608377674964985,-0.04791976566718825,1.276202766118208,5.039714828621382
-3.4484821191876076,-0.4498406904403772,0.4209772690976352,4.192747783084007
-4.684868347419757,-0.5682090684913174,0.4427328527605718,4.662834937692118
-2.301791131336061,0.19179425319659615,1.2561445904086073,4.757518505442167
-4.184799046256175,-1.2104864554959616,-0.5421482199354777,3.3370598064768706
-3.360949294981392,0.3715189756166788,1.6894664369109833,5.641345350835325
-3.686454133091745,-0.49514139766555065,0.35940438047556966,4.205163482497278
-3.056550517605282,-0.06942210150536099,1.037744840158618,4.7728457555998824
-6.392146057446591,-2.5205640836520447,-2.9384622269734146,1.2924620829691733
-4.51878918250434,-0.37466773453002217,0.4756018137868021,4.624881401940408
-4.4230925658465345,-0.6806498487672918,0.09202273364896182,4.149879056670865
-3.127714469509027,-0.20983963257773064,0.5907875519547557,4.267060774787309
-4.335258336234204,-1.091080939342534,-0.48186778892368887,3.451619622377823
-4.609892661866475,-1.9273852311297897,-1.5563453680278976,2.3057907530998745
-3.2553213600346567,-0.2878796701204748,0.8197308856784706,4.600663028574116
-4.768169080846338,-1.6031526953164392,-1.1107032591417934,2.885954515305646
-3.904454807886199,-0.721574936746395,0.36027365611856105,4.300601097721765
-3.2803775314303802,-0.6832585598715479,0.018834005416070762,3.6641630276802695
-2.642214825380796,-0.014947862132042355,0.9836198493962525,4.561368627452994
-1.9604908180828873,0.12116625275249082,1.1856587493158663,4.567629118349261
-1.7383433648458775,0.24998944098935472,1.4004567063741187,4.733678728842564
-4.656444571526867,-0.9374534877409262,0.017161704225747712,4.161434775027521
-3.4777510889147942,-0.20646109697845383,1.0337700231017486,4.930671797815541
-6.086643251130983,-1.3287129363156747,-1.4604123372166924,2.8756019128798176
-4.621983521847754,-0.47441354212628245,0.0019854309130637043,4.080846588240799
-1.9170176867150786,1.243592918707484,2.9100969370826206,6.559087317813094
-4.500495822114604,-0.7981123274265879,-0.05556843641635749,4.007698082391377
-3.222352973032499,-0.0009277314971475326,1.0896946695616696,4.892160603972043
-3.4589716275743174,-0.44576271236173126,0.46071933058697456,4.241828030241944
-3.2897157835242297,-0.5962344709590163,0.44843478899565137,4.194518186812795
-4.914098448134052,-1.0295932943177222,-0.8327452512881354,3.2191894606115157
-5.37710288801481,-0.2320150765360376,0.6821773918843501,5.16158325367766
-5.779086314817351,-1.4354049555299193,-1.5203074705248405,2.7095861058929063
-4.226082963607878,-0.5226067357469006,0.37540902411000493,4.412806115139969
-3.8828763154089123,-0.4137914609621935,0.2114328299001767,4.0814147367370275
-6.960772372990869,-1.2649819768330426,-1.0120683263541737,3.7290667946072347
-5.616839595837407,-1.438287591453114,-1.2408807474680343,2.9985705826014475
-3.2101747940608942,0.08788984126006505,1.5439705063767404,5.4415278633937145
-4.8009856796435,-1.6997838701472947,-1.2032831672910267,2.7951096271679745
-3.3821000374190557,-0.21751769160998768,0.6903549187604371,4.477663649628686
-5.387489210329576,-1.5710153323258915,-0.8637370036997757,3.399416526965218
-4.629983559000852,-0.8731896753460309,-0.23359324404058068,3.840622935353175
-4.759650489367257,-1.4541053808585165,-1.1992351791614138,2.755421189214579
-5.222699941184704,-1.2534520651878973,-0.7356245887136913,3.468273598688901
-6.254220700484113,-1.7059730903071872,-1.5081690573177633,2.9201671832394016
-2.9287243345806493,0.9255726397613313,2.5729880713659687,6.524671113839302
-5.523646206664363,-1.115514670695195,-0.8315976813675842,3.439223986055863
-4.510438158233561,-0.10528133174326748,0.6890543715471183,4.853966613531034
-4.478781636495918,-0.47547368827811487,0.378952188365104,4.503708198717002
-5.437351074973082,-1.0292559101193022,-0.7032242623246034,3.5562017556576873
-3.73714708033864,-0.6384437983838762,-0.03486842972481077,3.7532981879016463
-4.414312493891656,-1.2101833908101902,-0.5838186355077196,3.3752775432157516
-6.214152461194026,-1.505716437618485,-1.205943480623767,3.260710747941048
-5.416068736284321,-1.0896367986864421,-0.43146411441602295,3.892596946653169
-4.278232484266683,-0.7036563370713593,-0.22333865357161856,3.7173741893420336
-1.2018555125154475,0.5497682264226083,2.1673812059613025,5.469125190194919
-2.7418893891435765,-0.6325628453207501,-0.022053925262339708,3.4216534422967833
-3.7606088025599664,-0.03602467046789992,0.4378657644715409,4.276181944046115
-3.066170144533708,-0.30160840297938424,1.0065762556641142,4.764600014999179
-6.024476542197691,-2.0254951332312734,-1.9349338886332168,2.3495835886041627
-4.308881720134816,-0.9294232552826683,0.03683207507373046,4.069718613722473
-4.618461747483767,-0.5373284584733664,0.19241746470301385,4.324939332642897
-2.222108290155729,0.5026166857612642,1.8152518259749426,5.3914186842865615
-3.7439720506096466,-0.10623129919402219,0.8552811369571294,4.793355905805373
-4.873333394868571,-2.195924401108111,-1.9209614497261778,1.9869659350760362
-3.767922266596035,-0.8720135767040815,-0.06589480898232607,3.748835430896411
-5.95099400034221,-1.3221926730277411,-1.149654650033514,3.218336496365954
-1.7969868337637225,0.627563408741262,1.939320285273602,5.384906196622428
-4.205422435240922,-0.4598297467380676,0.7648748326128644,4.884971588827599
-4.76585179537197,-0.46876519386772497,0.4060317921959067,4.628782437264189
-2.8867656565596596,0.1489486074877826,1.254722629049048,4.964458445964133
-2.998368764232865,0.030448927940135095,1.0294053900764535,4.738177219555297
-3.174847990027473,-1.0849716691747557,-0.48133797103268455,3.049704151407333
-4.298792283810065,-1.1091203006294146,-0.29434530501112277,3.6742763161222065
-2.254167155203794,-0.5868229004894269,0.5111062836634348,3.9079956206079314
-5.554546371768257,-1.2367256988149347,-0.8936594109285828,3.3830697386943376
-3.481384562311722,0.3208516034549185,1.3346715108823288,5.253221219613371
-5.040455725887645,-1.8353825906545302,-1.3218891733932705,2.737418235652652
-3.9778203535421115,-0.7024844955573727,0.3132795531548591,4.27478476058073
-3.5778851749003677,-0.19284678818318568,0.7925446066417432,4.671301991639417
-3.5797852072654535,-0.8278929407111884,0.09073927251967426,3.872991708460965
-4.918809913889041,-0.1618775730868831,0.30129544884845594,4.526631379923446
-6.064823508868595,-1.5317849185417414,-1.3377664052620815,3.0474846485812583
-4.3804591794269,-1.1084753496081767,-0.5604498512621717,3.377232694337975
-4.344311605884418,-0.6327274969685563,0.018665144057900943,4.032192213067298
-4.04273606818709,-0.39149447263789805,0.2941533363191071,4.237418976247905
-3.7319406420496968,0.04688790531608511,1.2956459796793687,5.319817952937666
-6.209652652907503,-0.7014511598752621,0.32034195500425133,5.0518063717068165
-3.7717400353278876,-0.36973287362200313,0.7868405828874308,4.751849256882348
-3.764206586094203,-0.3226553870864221,0.7907303686922079,4.750297065364895
-2.266798882373258,0.08576938511129728,1.136897369927927,4.609904877959519
-6.345848318044107,-2.272827333119273,-2.4621540323745954,1.8375351145918124
-6.815886554183676,-2.0964806429377836,-1.7596701658867206,2.8458304865910233
-5.28479712220377,-1.3442183133165142,-0.9008643100297529,3.2943861139484945
-2.6108418580012303,0.4345100688131798,1.6820868480438191,5.364748306600223
-3.487860661627864,-0.6177914612549518,0.061503563534979475,3.7804147964007773
-3.5513956781126055,-0.528680743593451,0.3851501756751316,4.195459414282208
-2.1503806613237755,0.2638514946379893,1.705245795131973,5.253477709335703
-4.0688173154370535,-0.40991715814291313,0.389267030715355,4.364693332311095
-5.240222720141193,-1.21746183635964,-0.9321227237264089,3.2325830995986795
-5.971077352469602,-1.7954984407625596,-1.533412329538032,2.804436024116585
-5.8805665016348145,-1.710944485395159,-1.3312138866761132,3.0118845084234285
-5.944556894083684,-1.8648578800651519,-1.8005004705220038,2.4676750261933447
-3.7090936956173586,-0.8094966757329668,-0.17166915290849524,3.5916934695345386
-4.861665136727291,-1.0378866940386962,-0.3710559245483353,3.769593237115179
-3.5481309341120078,-0.043541563329085986,0.9718856755826994,4.8668802941694445
-5.752321728334626,-1.2578775732627703,-0.7857186557148785,3.5839571340434198
-2.2908700142733025,0.33717858610259976,1.1175664391923807,4.565929231666262
-4.587488296136288,-0.3016802864376824,0.35712427885126596,4.489885954685571
-4.63699744320242,-0.9381447037120823,-0.4123630964161512,3.6318693551921712
-5.699634420436717,-1.5766745340104844,-1.132619054589505,3.1749326608788975
-4.810623781615186,-0.844673587360582,-0.4851312594543658,3.587074438546732
-4.247000430068918,-0.6884251842287101,0.27827665254213324,4.3251562542433
-3.722667037625736,-0.5979954812661744,0.31710398174831994,4.177368617060295
-2.576464104703283,0.6207926763281006,1.7850314827341216,5.460777627688213
-5.611945644517171,-1.9622059205683098,-1.599440476581911,2.6151787770901143
-2.8024516243908866,0.13873842606830777,1.0523212275773537,4.690068298212089
-4.925281207653795,-0.3623156497264371,0.2914071706170722,4.537198111160914
-5.092573603106446,-0.4633257453002298,-0.030078458866411074,4.20356276622387
-4.752727740597161,-1.6902989777915176,-1.202101518567443,2.775665276753091
-4.4926491136837265,-0.9958851486806971,-0.5802589196350691,3.3782550911355873
-3.003255838333245,-0.38262540326455985,0.8518409014573886,4.566322991452641
-7.787394762815124,-3.667144579516115,-4.230998330466716,0.298915831830469
-3.9965900621024373,0.19103025599543533,1.8686128177951882,6.103710371291919
-4.305593648383697,-0.27563572727429825,0.41698104914528206,4.465542667235709
-5.972622629868074,-1.70547730478427,-1.3156244660700098,3.054885268220583
-5.3202732603818585,-1.6914426407675252,-1.5862402554686776,2.497539602547379
-4.267197818711373,-0.9348741131350026,-0.2312463280635942,3.7255682951343885
-3.2972938606972066,-0.34069773268031384,0.3313378244040129,4.0214027646617865
-5.334989859545837,-1.5327004607816217,-1.5997263819199397,2.4740704029099465
-5.198237422827105,-1.4166982988903412,-1.028491468901473,3.1160795662946943
-6.0308195720281494,-1.7577589779670884,-1.1725260322469633,3.2605587427217575
-4.00976653833064,0.4810700348800079,1.5781297281997821,5.719257975615783
-5.6801338582016445,-1.5726771850927108,-1.0315327720948044,3.290651786258066
-3.923776437524408,-0.7391357582288791,-0.16607950800313798,3.6591946389244883
-6.2312665707111305,-1.5093146443563112,-1.3097786682075436,3.133755345889438
-5.287982462750333,-1.0763725827671131,-0.5429224751127933,3.7082729546056696
-2.595887903416637,0.5121339194609162,1.422722680924236,5.030144220707111
-5.787308348048574,-1.4376192761473607,-0.8946669399764318,3.4911263535194057
-4.59123125402408,-0.9277100398078811,-0.46470482660915424,3.540930548434609
-3.939889126158459,-0.2507079009269569,0.5068862412875337,4.4437274415558905
-7.108248832241413,-2.2500450994000563,-2.207986763628973,2.409167621430189
-2.0656556547459437,1.012577864739291,2.3629977367910593,5.949372252173782
-2.605402644956122,-0.03335789445371795,0.9475193421461201,4.510879949945849
-5.42368895210941,-1.9464117316818903,-1.6590112054803354,2.4719831636153318
-4.099668228170231,-1.1176842208710054,-0.411540266004682,3.462728962664937
-4.022760759958659,-0.44765967647008065,0.5748914721444605,4.579126114104651
-5.652523224234947,-1.426901132518756,-0.9510564899185452,3.3655243919657356
-3.7207944964830486,-0.38641269173514725,0.2950913292224211,4.1245621226433755
-5.818020054231041,-1.2007583144798866,-0.6977767453941796,3.713883953498852
-2.4529913302061828,-0.4785784930571413,0.3787197446493931,3.8009740466575503
-5.980191111893945,-1.682718226783892,-1.3916918973942787,2.966378837852418
-3.2414123580381737,0.12137537013681021,1.3831055845089653,5.24666563371807
-4.791532909356972,-0.37893273175799774,-0.030990661959833733,4.099970685263057
-7.0552439806433025,-2.2713959174296887,-2.3280577704742926,2.2461528877422414
-4.094207863856891,-1.189468481039365,-0.619462654903185,3.2136097018196343
-4.063821941735968,-0.33550089722451754,0.36455292852946214,4.326750734386482
-3.514581780485686,-0.7177842350855766,0.16795505549025297,3.9334019147465757
-4.678408475267497,-0.7679089503339525,-0.15882121822162754,3.9356761058064604
-5.612195189732537,-1.485346657724175,-1.4576001064158868,2.7327232227296046
-3.868753455661629,-1.2111823480337023,-0.960996727961662,2.71493170144298
-4.062387857729623,0.16964898355959634,0.8761972362905468,4.901563059971957
-3.3830372974284573,0.2955895506560682,1.190841581855158,5.045331755504682
-3.976668367593267,-0.4623547525503329,0.4656848075671747,4.426967782535305
-6.071828825703354,-1.7240998602776478,-1.3478030134462056,3.058095977230744
-6.737733075585021,-2.1472682220574963,-2.2881738923754558,2.175901935408842
-5.946493566812652,-1.3753605777232514,-1.3087977376633544,3.0239247807580396
-5.86211789095676,-1.4100833743736456,-1.1147649344529278,3.234211115376091
-3.6100893208070284,-0.8174710197489038,-0.09869304302250528,3.649034101279293
-5.506440937511865,-1.1464605712476816,-0.5132545223079067,3.8301261058205474
-4.10585356870777,-0.3432954534871796,0.5684615746266175,4.594921665101122
-3.7117048753217077,-0.8064181914395937,-0.2086050635349647,3.5467422744539583
-4.213679325602441,0.3498872828416366,1.5665982631445277,5.79046542145719
-5.3561992010077715,-1.2501161594212786,-1.0723283163804398,3.093938574057356
-5.858255906643754,-1.6657451532206156,-1.4152866459913764,2.8887468901064963
-6.017433419575548,-1.4068750000576475,-1.1306810501979998,3.2754615500531408
-4.456648286839717,-1.1844686125661914,-0.699782449209692,3.2372187455523846
-4.880696613593024,-0.9214435927905272,-0.48745337630706687,3.6197010272462964
-5.289458181718179,-1.5260503607192197,-1.0406673307371266,3.1423107072561973
-3.6315513310771026,-0.34853473756165815,0.6840858910788956,4.579269156680522
-4.589413849288176,-0.5227375047156663,0.270486087084572,4.408811086902396
-2.502419847646365,0.8714268721922038,2.0044764012962286,5.679790178719493
-4.744616840207385,-0.8056981103860109,-0.5277084089167369,3.5099487880562323
-5.14686318144263,-2.0802805865824587,-2.060430512740718,1.8968194851693165
-5.031843640733908,-2.0345755897593376,-1.8894843071856766,2.056468646205679
-3.525541481448416,-0.06791211609128611,0.8128971864739203,4.662655450760023
-5.459722106596623,-1.159388171123346,-0.9555142735761433,3.265189981643256
-4.4653415173910735,-0.7730348628343937,-0.6746147229347687,3.2296060879690662
-3.6839789702896937,-0.3562623606189139,0.5935960354667417,4.480781401467095
-4.289722966035376,-0.6703455096129043,0.3038205056333652,4.363699138486716
-2.84163526459211,0.09479437236398791,1.420082674448773,5.158744086581152
-2.8117705680744187,0.321181475056177,1.4634688176006758,5.174062792850791
-4.499639779265807,-0.2452612243671381,0.3011221510842345,4.383314909174177
-3.791741773921311,-0.555348796717225,0.21525176401940405,4.071247018264844
-4.345855045437004,-0.9211408663821259,-0.13971898728933965,3.8669505555893164
-4.509093913552926,0.33730293086656293,1.2824814363419328,5.540560345638104
-3.0258894814625092,-0.09059488768818857,0.902259360976899,4.603199479643923
-4.450203476508944,-0.6964208769255191,0.1075304119436345,4.175444525834121
-3.2226255310794514,-0.4291093120152526,0.6905888792921487,4.447262986689996
-6.720806875559186,-1.6250962507859446,-1.2803856290318463,3.3505939852101374
-4.344015889596357,-0.45000234325133925,0.18566283308637516,4.213091106438803
-2.841527416974473,0.4608869823143078,1.9299915994872683,5.749131872083785
-6.011503835169258,-1.866684944014861,-1.9227869217081683,2.3419993991165864
-7.252844881017548,-2.499266871616494,-2.6938158051339935,1.8830377182364164
-4.34021623234644,-1.3601044633835788,-1.4150692352000354,2.337721346639883
-3.4328568281081626,-0.4269073853642469,0.3281506100822758,4.067898998335087
-4.9244972771429865,-1.2161128705400224,-0.6850681407444925,3.424208171690206
-4.993941955685823,-1.4359545558661355,-0.8865441186890898,3.218822456498203
-5.352875596475859,-1.012683896957329,-0.4332176531485922,3.8562436400932665
-6.578124303270114,-1.9274255048025735,-2.10537633973605,2.3188692299680884
-3.89353111351783,-0.8736887119863046,-0.3159250799675438,3.4869612462899258
-5.4149797809578875,-1.7912702086948946,-1.4783763660721936,2.6725305003130897
-5.019209298417685,-0.8058678425682109,-0.6455577179102363,3.4609980240125515
-4.022831919667722,-0.7574523291409575,0.12381088563467316,4.056906512113456
-6.344218226679963,-2.0826853896162625,-2.1119706459959655,2.2482352985557896
-4.117225062537797,-0.19838165010901898,0.5676887057151686,4.581081119526674
-4.423560341553707,-0.8521384113196274,-0.24499334771664727,3.754248433322637
-5.5690564992082106,-1.3455777046851614,-0.8275590782478841,3.480564517665964
-4.095968595605308,-0.2286046245581832,0.27255757528030156,4.213893003615143
-3.7666990296706446,-0.8859412825050765,-0.3340555354764942,3.421570965651007
-4.495037095021369,-0.5669053497243532,-0.08320736825710462,3.9447987871916395
-2.674452411066526,-0.5075619219004821,0.5144195909101111,4.04444228736888
-5.000420216894121,-0.9256071297057962,-0.22715627848017847,3.9784424513437133
-2.862455497349349,-0.11705056696813987,0.9121472429284204,4.558813834741833
-2.0785091474328614,0.7074702832896478,1.8138778083058764,5.320554567289493
-4.8159488195715925,-0.9112671776355163,-0.4351180281076901,3.656995959911294
-4.085091804716914,-0.5126796196032983,0.6197720595181517,4.6660081786533025
-6.385210042566898,-1.8241478292618427,-1.691135005448938,2.7538566607746247
-5.516471679090781,-1.3790135158609995,-1.04277890555103,3.199904284538291
-4.022938418186751,-0.5254764184265767,0.21113168436379603,4.144547534251689
-3.3259815355433076,-0.1993419873242238,0.7050949480953244,4.4749742562017705
-2.550821378102288,-0.37831834083552074,0.9797832799944171,4.563432177866188
-4.648875174724285,-1.5808935992975452,-1.153473493061467,2.7879990926559786
-2.0402780868338346,0.4065148582364746,1.7143391682723592,5.213487564093903
-5.572369119653171,-0.7327726458496168,0.15530672385504574,4.623650418106974
-4.718604566981592,-0.5404252089673902,0.20170955533780915,4.363999000106933
-4.888632794356308,-0.6789056816051814,0.09985711956072596,4.317233358935456
-4.166598097406927,-0.6989304500720129,-0.18629504809093686,3.722491649906554
-3.676866260344949,-0.46177526658230883,0.37673241908475835,4.220086851042507
-4.117341529486463,-0.6662327515731911,0.024533735911946436,3.962155709629976
-2.9786446092851318,-0.03213940731280529,1.2695451323296272,5.033480891427514
-5.040162777372216,-0.7643443137335949,-0.25690924668437964,3.940533514054921
-4.856273843074149,-1.3604131743071446,-0.9825463027420147,3.0466500918796964
-4.649293364573153,-0.5397865040660168,0.4265543515167303,4.627054931016491
