var_1,var_2,var_3,var_4
47.21165687488973,98.29078208793102,25.684880817044835,73.11030442811695
49.85430079837019,104.929219289853,26.89143331183355,75.16449967026931
50.80750544251595,98.53571547831659,23.47606812754164,73.12779434002654
54.244782474293366,101.16848237957088,24.36319109480201,75.70837757648118
49.84650976751933,97.90828932626346,,80.76041140868985
47.26727408459544,96.86827757063963,,74.08266584682247
51.415687725889306,99.82466792942667,31.571419900370685,76.95046633443098
50.53354695946253,101.25002563630744,22.195981192477067,76.84830900035954
51.757477777061496,95.45067650541627,,75.49484427511868
48.64077074082789,101.64414775465593,27.548079742821713,74.16229307157083
48.4856317930182,98.7680951294651,26.432127290702688,77.28080226344368
53.97301239500891,97.75989972770287,,74.83147880978387
,97.28450818885139,,70.06726640190017
48.27889562915092,99.21645356850449,24.013366338463246,78.20560933423012
,101.94159421508853,27.641452861579662,69.8927303786811
,101.65217255581908,27.97425564470267,72.76361117431496
49.59569012645593,97.47040784967427,,80.45485087506337
50.785697444853916,100.57447542225312,26.189793094989746,76.00029782218061
45.949502078405004,99.53693458976782,22.021637955431984,74.167385703962
47.30107384456303,97.15606323552753,,74.50547382754988
,101.59548462519658,19.585108476210642,72.14535559372366
,98.65776548384292,22.057046758035504,69.94444097870887
51.05262705367983,103.78935594701133,26.089294076478957,76.30803315876175
,103.72966081285828,25.13054964851456,71.84218109685752
52.240315242999145,98.57067321770882,23.941135840659598,76.41602369237656
51.16957973538552,100.49166997309054,25.94313877436323,73.78755238192734
48.58193023733538,100.47719759112138,26.35726407604731,74.20457262331882
50.83558376415353,93.48583120974662,,74.21893635734764
,104.74015288671518,25.89314651813689,72.6825768988945
53.727205502790774,99.35707137109513,23.68246639799818,78.20377599661997
49.85944263308458,101.88475312145201,29.75944584065609,78.0461955393427
49.803926272005356,97.5785170410349,,76.90624753734535
,98.91631053353393,24.14281579234924,72.8483890204619
,99.22388297820677,18.695119932490464,71.09371561535
48.94460530528483,97.94839036325797,,76.2628229474841
51.931906091363516,97.3120307306655,,74.81547009492124
51.92400289916405,97.57473379393815,,73.90927468387348
47.90409718398761,99.40644696345362,24.830977026922916,76.59065140393963
51.17084763203125,102.2628255866357,23.787886826720534,74.13311879234502
48.13211983923124,99.63534035489448,27.891009908708877,73.47015292584857
,98.05567653922952,,69.39399551322106
52.092695575322644,101.15264054087842,26.914546163516732,76.04609455992366
54.18511143526522,100.30189276571463,23.895357325238038,75.70891667667765
50.01361679998456,98.92943917093362,21.344403578277184,74.9046159769349
52.07934206695454,101.01790243637512,23.859772993245254,77.10474491161999
52.82004879593366,103.79854325196897,26.86628721256804,77.51620415644503
52.13832555713102,101.84745058853319,31.127851704950988,77.27477611251605
47.00705439320585,93.38751776114171,,75.72261556296019
50.92687384952014,101.69080325974718,25.22857172009143,75.08417296423694
48.00096748847988,102.63339201674621,23.037524507541633,76.045866991973
50.808085711443404,97.78549927453653,,73.60670768014538
47.844873642942474,102.23877193572541,26.628559707683486,75.96808158929645
47.393665235631545,99.48194204014172,24.453894790998596,73.2117905932752
48.395413171518705,99.1338212006094,25.092814460759378,74.6037857430271
53.00851011948239,98.22458656698464,23.325641820913663,75.26464510356257
50.109385992748166,101.70644714332981,22.894087972818877,74.07038413943202
52.9622749397379,99.45365995465934,24.32169230085173,74.80583814309082
51.39210900752342,98.57340628080327,21.043348830483094,77.01416118145073
55.885942894306275,101.66072666940661,27.216357506364208,81.05014763669384
53.3008325993272,99.5218502481628,24.205239619223114,73.8893618138347
55.34838867101254,104.4298111794421,23.175353618614032,77.60438567655319
,99.54220863873095,24.216546705966298,71.6720327051638
51.86908994069865,105.69084660069043,26.48791727690424,76.71302447372584
,101.53259757769152,28.00283561857,73.05184026704237
49.57917276362864,98.18677166834482,23.848882464014142,73.32058824044607
49.03746835423405,101.3037817377849,24.326524924018198,80.73931409550877
46.17580017658818,99.23812648061595,23.507242396251232,75.44546666149307
47.82646430306505,97.85876178902521,,79.50128426692498
,102.64097305775573,28.29702662667171,72.88209746482718
49.91071896997311,103.06666217172796,29.575506736573058,77.52375623942417
53.509484948932126,99.56135671838297,23.77794340159376,75.18826793758146
51.84588899012784,102.17666465544706,24.49539884927462,74.72189439463557
44.6553064731297,97.94319844315669,,74.46120336185544
47.37664847380028,101.90006270732908,26.17372787003501,78.4072733106713
52.72770223775459,97.09976404764717,,74.89890196888116
52.011125184687636,98.65505901931911,23.792985437933456,73.4283718752755
54.00428656377863,98.59107239824061,28.781988425360232,73.3348396238094
52.87485110708901,98.4598115127229,26.698422768636604,74.18475446408372
44.59109673049848,95.70078318602387,,73.57015391384014
51.010833760414556,102.47069921727301,29.87369382673432,77.04948045373264
51.46913676087951,95.81869789855497,,75.6985693323704
53.04351022240412,100.14713164241272,26.234029880481646,75.67630572014339
46.5298009391824,98.48199425596233,25.83628948616601,77.69433001947367
45.53663638530389,99.18720882528572,27.379058578547237,77.48306898922665
,98.7045165168792,25.806943151043782,69.9892473809918
49.17045195725037,98.02594863319078,,74.16584414033265
48.948603897145595,99.95146771513501,27.935361428375135,81.36632726005585
,99.35202873414849,20.789800862848537,69.43917447577579
48.21246280522789,99.07770951978782,25.96735880508095,74.59577130668478
52.762962323009916,100.34731572130418,23.105057652358003,79.148132320571
48.31612107641805,103.45351887613052,27.622446713670286,75.58904349847097
54.672192643605136,101.49524732564022,27.42979330245429,76.5399903051058
50.772075892597236,98.89680733199556,26.297327639974856,78.96099999542253
49.38556781595302,99.53916546148048,29.420553079413665,75.6484271785329
47.52523725149961,98.91606078595699,22.068768746708468,75.77983522893554
51.38362631859397,98.68562103494533,28.006387267418283,74.41848732543465
52.862178591708094,100.25448666715373,23.25351417559973,77.77893346388943
50.854593534626574,100.25636267628249,23.056763763830055,74.52058365465702
52.00082780585248,101.868068108327,28.8139175026516,79.33260753755093
52.94436334926304,100.65878496002027,26.153947990368,78.1042460731397
,101.71816183156228,25.24842953926835,72.75659598974484
46.98887195042166,96.50757468141363,,74.92602627532808
49.567674121677264,100.89631150362173,23.86417585757199,74.18221761019805
49.61898834931961,100.53525152214175,23.24896116350877,75.74639933874566
50.981165638927614,100.1307868847453,25.568139933815974,75.12100770165821
47.40311567604891,96.47890866647256,,76.73537854625383
51.895449205438446,100.7064277204042,25.695889759287585,76.97234222138383
49.37737809895598,101.86305139219773,29.21350216440841,76.56794145921872
49.68914374015486,97.43204356195162,,77.78283216495466
46.56686800666471,95.95077416248694,,75.726166385442
51.22318092252005,101.7478170080151,24.51999882360408,76.52450677152022
49.781200208861094,95.30049819721182,,73.11748865173892
50.83935526465967,100.53398908183667,23.173847142465974,75.00493400486697
48.2895142708669,96.67420496450933,,74.53493763567026
51.92797807526455,98.40102862251403,21.75905977736296,76.63907541155044
46.54726616532392,101.6244196598735,25.924019036762466,75.28108519806474
45.596364732035994,98.22764273445027,26.156899972083448,76.90032316304382
49.92126523853413,100.90680100900651,24.87985846073072,75.00436404851133
,100.60789432675558,26.971999846352762,72.40679081702979
50.04243901914215,101.79693393230748,25.14006648939761,73.1475394901643
46.680716515455025,94.18034206975624,,75.97753396790725
47.51204112840868,99.3334119111096,22.949399944164952,75.19204893803227
48.079107763644814,101.6898988681614,23.729347843572267,78.41343568882483
,101.15386157782432,21.358680235536873,72.80636437750124
48.90624147141349,100.76875059891363,26.706276909016626,74.93394903966615
49.99887313155769,101.07807868544688,25.091201789855916,77.02922707405541
49.93084325642894,101.52845732480696,21.086603117298097,73.503284687989
50.20257368071868,98.22751975955833,22.535488038077958,76.08552762431636
53.04571120994054,100.7969331100699,25.425981741769146,74.73928454536755
47.6609330105219,93.80432838212899,,75.20555101562803
47.089508664115115,100.83684056745967,24.294509013787184,73.23205365601419
46.9748113088192,100.25306069670643,27.19749373617698,79.11847310810445
52.07275856591284,98.61386932546009,25.180280007807937,74.26565459632204
49.40030157700251,98.9966889860862,24.455749751883133,74.06309949366582
48.65920566794367,99.86704403651406,27.13200592256619,73.25333684741247
,97.24632804217856,,71.32428595523547
48.24013950414494,99.00946635987168,22.79403664932487,74.63166412959055
51.58412039403024,98.48116305305336,24.484603867341626,74.41966199993722
,100.69033512199132,23.709577161471014,72.82458529453554
,102.38728033406127,28.058798105628586,71.97476165320015
51.56945743647298,99.9996287246039,22.37836121378606,76.196642055077
52.743214384670544,100.50615753069795,25.608628324206816,79.26273803714156
54.27577896527322,100.10122725437618,27.002110215250013,74.590696797706
,101.3357569690174,25.64401322626161,71.83151149689664
,100.79698465519937,24.871043468675335,73.06226474176506
46.20547807695937,95.5834266690491,,73.72054538702307
50.44292004293665,104.01677951350128,26.533863746843174,74.80345728053058
50.32654359337256,103.52436796323438,27.318121101228122,73.43134810799798
49.45111044256304,98.16669499816001,25.70734873359776,75.05046095397816
46.75689073803503,99.83368815203298,22.594570384110064,76.86334553315642
47.33137633274743,99.7019717056653,25.64023537189483,74.27902330506696
48.92240601954537,94.95886323349127,,75.32449436503815
52.23887730307395,100.59688021282334,26.021698283555523,74.82210539493285
48.87221947008546,99.98454256660276,29.259055752456856,76.22184232286702
49.44748628912644,101.27751076569437,22.504401267459187,74.64085451954696
51.43875570809986,102.0277660904136,24.730215132239938,73.36423630426734
51.40181195266333,102.09521396848524,24.80197971424751,73.51694837181955
49.12720447632651,96.03149272711158,,73.68412257330003
48.637933366433195,99.37629709956997,24.664871775471635,73.94013638229175
48.086535104660655,97.99041127755937,,76.10659070102625
51.29868573047943,94.59947585844209,,75.31196170828753
48.90682730341557,102.72334085568956,23.997037233695337,75.79748843565213
51.749175645077585,98.88993256419033,23.977491492466807,74.13824974262398
50.679896069212646,98.2412070408955,25.809297477948167,76.01081988000159
46.624283249138145,102.19544671492044,26.49437472697087,80.59430052270649
53.926130939927084,97.61316120429225,,75.97528028798965
,96.87820669446737,,72.8585748274394
,101.12318966329195,25.557659220539296,70.25877470834601
50.1005636529529,102.2564553820378,25.33026621593518,75.69104092733298
45.798063569686526,94.9320371058222,,74.11988761219422
47.855077774923544,97.1615254676247,,76.83932223931524
48.16409138083089,101.6019221375426,24.797948852106376,74.7849159384621
50.98521382178996,101.49315437639252,27.21285370484552,75.75042209106932
51.58784346391996,101.79751229611747,25.72986156712968,74.17352417878493
,101.06863725451669,21.9141663752779,71.31706185979041
51.65909144110353,101.4856344614452,24.98806191477082,76.29261944063668
48.944506786367725,100.31791675927067,26.95157982346941,74.70757755113043
,98.51584250722875,25.04720806168574,71.9093610674958
47.091453934335206,102.2288902841729,23.225565855700697,75.18059780775712
,99.65956726303975,22.80834150609575,69.5769706998583
49.90874515790884,100.87302567485753,24.024766069880847,79.9522342704525
48.949132765695396,101.63427288764005,26.447306329024187,75.3695951138564
,100.61841021609531,22.206057120631005,71.17755621892911
53.77673561139606,102.160051588296,24.569985939629426,74.63588751798704
47.31556554178613,100.31191723265304,26.538973541938034,75.42187665485602
,97.78202479055528,,72.3037269549963
48.856800520099625,99.11017798270042,28.044997693305966,76.84715397402064
48.19301835216165,99.11424347828472,23.54259975030503,76.0216032578276
52.4243845983294,100.89643875610956,27.644595691121676,73.58426202397682
47.93188277078605,100.03520568262569,24.549812806158158,78.9483858117508
51.57754393827405,101.00148123463536,24.18524889859667,77.76812976564929
45.21005381454057,99.26951759123747,25.476565718781163,76.53313355041166
50.3691242374252,100.23769601341752,26.63558414436311,77.96512123361659
49.28861518987184,99.65158779131608,20.244673204668356,74.67747235914615
48.162979957378674,99.7127387566143,27.56736589819673,79.00982367632204
53.01949374243929,100.44095939618714,24.71596160420148,80.85009325580657
53.14944339518783,100.35104191808175,24.34626877427119,73.73485470621799
46.49598840239005,96.73318756113206,,77.6691703408631
49.18548323202324,99.36727194469348,24.711705291088894,78.39217860505634
51.07014346463349,100.93099965928026,28.121402534102103,75.03043194524663
46.38762936633314,98.16745856389996,23.75661893009184,75.21722113054601
49.46821276245849,97.51654674453962,,75.79561985243973
49.62994213194734,98.03918986438244,,75.01396874004685
,98.0099520714737,,73.03622148125893
49.516691046536025,100.07642318602792,27.164724807005136,74.63027576735085
53.8538069103745,99.35048186116752,26.755694912246817,79.69865309539718
49.17779582489975,97.81527545266576,,73.34745923551735
52.04199944835999,101.97713124970471,25.892989808871416,75.3166323714301
48.954100420830954,96.87924304852118,,77.15709704865569
48.685857703026535,100.69110132456679,22.804176536987647,77.39670245691718
,97.53940451642055,,71.64622142000384
,100.89350321630158,23.544032409708535,71.88372158640948
,98.86637688432067,22.229175882241787,72.07183971615926
51.335996352498654,99.36162162515156,23.811027377186345,74.80267606020251
,96.17275317623637,,71.30516312618686
49.18459125127378,102.85195561358036,27.764558072588514,77.82120874008959
47.824137578438354,98.65474465617598,27.008601322638217,74.74089156278532
,99.29187681678359,24.390085968619204,72.29830434896418
55.39149264829059,103.83386545842244,25.605355769535855,77.82233490665173
,100.46712474429853,24.640104338848737,72.5709657925628
51.579211483680574,103.58576195438181,24.707724763020902,76.17767924082945
,100.78770859321124,20.662751525340312,71.94911000505853
53.848513178448684,100.3115373440524,25.134192292219453,76.10893566994987
51.39490201048676,100.63237294097199,24.946555489625176,79.06639784281738
,102.35236208578591,22.02181103521665,72.13149576343731
48.34311739723103,99.78627092820936,29.784963330417717,80.99585993404882
53.76878432498182,103.87235429428866,23.174286352169773,75.36514464454545
47.351939614768575,98.32831456722894,27.040956815739232,74.68902733308988
55.991617068745825,101.15976300466392,23.96732073676095,77.83344497886324
48.94330971802586,103.01171852877299,28.799002645350427,78.1642115045703
52.326638422929086,98.66645959001586,25.82079941818724,74.73615688603611
,100.44812874529848,22.19524017635374,72.10522368471725
48.19627314591319,96.35886215838116,,73.55200536459556
49.06375505768792,99.97685198554045,21.682795040867784,77.50985360918594
49.750657745049914,96.37425459946608,,75.61533262697702
,96.48308184498906,,72.94189901959562
48.67967746573736,99.19305230681195,24.198768343626735,73.55283799840375
48.20954178223004,102.2864059800484,28.017432461800908,74.88096819360509
51.42091233518766,97.1159840635797,,76.72041837038807
49.639334454202476,97.61587879969143,,74.10117749573594
48.95341216114677,101.05516481638826,22.80325078975637,75.77779784792703
,98.68571823793044,27.10666715517403,73.01019767109325
47.0626260081375,98.35320472260402,23.906340083464503,74.16988787261273
47.97097929832331,100.9822567978043,26.29166592919672,75.11985044923807
51.84370130819214,102.10379499221497,23.894698029904134,76.74142462806621
51.923865401820535,98.65566681233372,25.659693967352734,76.34790145572364
49.88934275119528,103.38070950878866,27.243660603269856,74.0367629844118
52.36827609951791,100.87404181413001,23.702946922422047,74.98446678906286
51.20930775624581,105.55429289771732,27.168798908248466,77.12380396296815
50.47978394920307,104.46042696560993,26.471397136046306,75.0260707847476
47.3636995893302,96.56036030374791,,75.59695587120974
53.435574880780706,100.410388396813,24.95251153045207,79.11709070462479
54.64811486676984,100.25319416859952,25.41241553103198,75.65276048256462
48.449509151255086,100.28961756984604,29.461914150897446,78.93151592663045
,97.56388213585261,,72.39148631885676
50.70286154405315,97.73521826117744,,76.75394814457377
50.36994607917761,95.87899464798609,,73.91391301322444
48.556491828193636,99.17474081551009,22.424267036047937,76.37739785574203
50.53056564189699,101.08831106315232,26.84348834109442,76.22256426646796
51.434815045901686,98.89209296342099,21.47981827134768,74.89160731063048
46.6997367392677,100.79015416344298,21.019367439268418,75.36595761511323
47.80141262283088,99.05225679853916,25.713671263672147,77.96601298265506
50.19268558049735,100.98839425283767,23.07116087115372,77.53324899677872
49.26142046402543,101.19299797930925,24.762917512195546,77.09233967623831
46.150189428030686,98.11945026315435,,73.14336993912544
,105.98543467156499,23.505916449402495,70.10476048284946
54.074912268595256,98.0654884709649,,77.71176420154225
51.947719196055154,101.49411896097753,25.673939808621572,74.84983091919014
,99.46460288175534,22.56907101293807,71.58642056339625
,102.2837637611075,20.850573738593983,71.7489928602477
49.926700429851564,101.29672175856231,28.11271717479058,76.74788752638338
50.264608350609706,100.77850345111142,27.43502103262074,73.94433706339812
52.270359447239585,105.45526187451823,29.645400964235034,76.81270184074577
47.6244022186421,99.21199317589492,24.40443681490023,77.12382923831302
,102.35046452088548,24.263617099520605,72.07889575920284
54.25351704313445,104.0321002206207,25.29915830260374,76.32715892946831
,101.47265056321865,23.496077570728644,72.21301140945339
50.328067824443025,103.0573404881435,25.883962580774245,74.29017218908584
49.153002763650484,101.05000047651328,22.012494360743556,75.27868914698148
51.21883742864765,99.91960213667313,25.351721786094426,77.04389979401778
50.9450842243743,100.26351607369786,24.742028026472926,73.36710960615997
47.19752627038779,99.14053367884928,27.35228478785411,73.62482382921091
,99.57784781384802,25.065017991287377,73.05618215577279
52.14462585110786,98.71482164930887,23.67017541472257,73.99847245174828
49.733851561652074,99.08938237740294,26.13448959728369,77.61253385518711
51.53551515089468,101.82793210941179,26.27726692557533,75.44463372923451
48.07099653575818,101.44743448535726,24.462365323084544,76.06037662740906
49.097684784068925,99.40349927602277,23.621468178603266,77.48887937501378
53.609555328126746,102.25342352176173,25.908781227765818,73.60426154361716
47.89276495858029,98.13604963716243,21.765909945838136,74.99072405861315
46.266564449373355,104.33061275710514,26.669180333161364,73.29471405851417
46.96982737614415,96.86777241378176,,75.62854960548835
48.91176216298461,101.1711609949718,24.482192377820756,74.50739843511786
46.09746369238123,99.83017086397797,23.784553155085234,79.54701159253419
53.0060991060916,100.66640084442106,23.768488705422236,75.40461541029268
,99.77854340709291,29.571530157977968,72.9876160135189
49.56654341418249,97.39140394435103,,76.85530070152006
49.741601596868,99.53917268025965,25.294087208090122,75.89261400135045
46.96889762126629,97.54797995916579,,73.74193446850609
,100.82739818537125,26.13751930650311,71.97407633149687
52.0499936516802,98.98255534829563,23.313444163435733,77.71754218923783
,100.98874127694154,23.95719776907928,71.54779289067575
48.459212940921596,98.67148208023082,26.498344654559762,75.65420548929809
49.84171664071524,95.82226887896451,,75.00963298561584
,100.24910602556629,24.863985284747212,72.51177182603892
54.83084435486934,101.57515047989627,25.35958168666968,73.81064665029918
49.45468133736206,98.8130246741247,28.59648051448038,77.50825452566073
48.32458582449514,99.55284414724085,23.90049217279573,76.62749028056379
51.47664873417503,96.8387715770286,,74.74828286316152
,104.29954032319122,26.84722861096727,70.55590902274471
,101.87828167494193,25.174989999625826,72.49075870939097
48.50678083500833,97.32654046055013,,76.33469175410825
47.813455517985446,105.48626017322597,27.39235415631201,76.15226978629565
,98.01257336176994,,70.90493450188173
49.822960016627974,102.67967620691044,26.290926310642877,77.42770715861155
52.67234398691498,100.01096130876773,26.27322080088744,74.31136535270697
,99.66873998759903,24.797861420286157,72.9068714822286
47.31151828762507,99.47622020054914,24.944863329446346,73.2173883692466
51.151204626582846,96.56380576038613,,74.27299816276076
49.88888315506246,100.6302116805926,27.03854415392793,77.4373590872727
47.09144337125562,93.79698947720706,,74.56136598721955
52.62190599033528,100.8878404984811,24.224731824675523,75.97518285573494
48.60800324239677,97.9324369751844,,74.94006481984825
,101.59164046628734,26.356380748259816,72.40180916942634
52.76183089171551,100.09683741309183,25.38116116737261,75.26973852651419
51.47465009575678,100.68843534421605,21.411518478991027,73.37897106524811
48.70754885332687,98.43506264647726,30.343633676645986,75.16009191391363
48.4440696477451,100.25398204930768,21.33019048040747,74.81240672245018
48.943041657559604,101.88073323841009,29.302920844062857,75.03904896654689
,101.94242592933716,25.200976375276305,73.10240404710115
53.508727550078156,99.03480846260624,26.08428923207025,79.27243461451427
52.61780580683519,99.7001840850887,25.181712694824853,78.27521262138828
51.95198171827831,102.20038080086069,19.995187210866277,73.74717010537758
,99.66591756596733,23.975322162492123,72.749696859568
51.272752611782714,101.11093567676942,28.03474124623665,78.2511378340006
52.46688369685165,103.39466121934085,30.10061216119877,80.00303536160061
49.781697143535624,98.31611747415393,23.576270448349224,76.62269268861905
,99.96093414591216,23.731800354569483,73.02972667861272
48.4270342402179,98.32053389244662,26.621134605412564,74.60120880863887
,106.9968686980917,21.27492627919901,72.1498409350785
50.1696912370886,106.2921124296844,27.275617925687047,76.90598991333731
52.47511497325863,100.33868856158364,26.803605915425887,77.692693741035
50.10403506803785,94.34237645957097,,75.78275135007009
,99.49093415551515,26.2561662199397,72.03663211583229
53.74076076356539,98.76947882350647,24.502866242657927,73.94735771282087
51.67870748672512,100.41733153543912,24.66802171921753,80.28302687970495
,98.87439121211139,24.143545089327368,72.54744607539526
50.797756452969296,100.21729606668659,24.62942451057016,77.46435320263296
48.58186893335286,98.58425072484168,23.3143770194841,75.72405277785407
49.3532868986698,98.28965123788994,23.127121766136455,75.36451929220284
53.341644160296845,99.8730933943888,26.37704643281725,79.85352998551524
54.28931492153601,102.0056445854192,24.862380712642523,75.42879967154946
51.98677609110861,103.65471874066239,30.714532960659287,83.06277280307987
,99.97940435801064,25.21627382364016,72.99344976874659
49.51857867436694,98.72027451550761,25.11989672359951,73.90916073920238
52.7397431035577,102.26217810635436,26.558915923503122,76.4323605113493
48.07871950838882,100.12219694259075,23.8350989506975,73.5453720994507
49.50955904268081,101.73607081762027,25.82734238745749,75.02089809685287
46.65723836647467,96.72371910330156,,77.50210599589033
,95.86725502049717,,73.01989586064221
51.655833770701186,103.72796955012329,24.537786823086105,74.25192378681467
53.06527108870556,106.56720581757483,27.205656747817564,78.84780828221051
49.01504227559151,95.6163686968222,,75.27526580445397
,100.80305785157198,24.12501209748189,72.84040266259476
50.40477152928907,103.96311194689252,24.209804298918783,74.37480368937098
,100.27675000446419,24.51729590053834,72.89797654960849
,98.7945036546263,28.116224366527856,72.12733421444464
52.14974171792136,104.00248656524482,23.164541804465117,75.0102434191544
55.04870631842432,97.25998821635646,,73.83244112456656
50.18693837967487,101.88531993341114,22.773984755846524,80.36866502883362
51.058513086223364,98.70854371818626,24.711433750136695,74.68274242320929
50.491344288975306,98.63901151456965,23.690119784173845,73.78724248360783
50.630219885808884,100.48268912448323,23.84956526124928,76.72198277216583
47.94319534754079,96.39892994101957,,75.21898225640963
50.48124413831781,95.43950178714387,,75.7942029092575
,102.35321174526975,25.337470871755013,72.31499289938141
49.87578824463681,98.01086683107891,,76.8812201840739
48.00340802116597,99.3918543820723,25.094787855150596,77.8789979642845
51.075342454431954,98.78958573398151,26.468382229490654,76.17058770106213
53.141835827221776,99.70051755203902,28.706470156590896,74.23307424481176
50.14054036431372,99.9896236942258,21.103672186629552,75.44487407752496
,100.96172765311196,23.71436658038686,71.13641891021895
49.05826920429518,99.71745384877715,23.326358115950935,73.80195824717468
53.630170816674514,101.648694236535,23.041943561871705,75.64976872246208
,98.2116568805463,24.99568886114009,72.63271925525694
50.37240145866058,103.0061080534551,24.598765028195885,74.72298777007568
50.03980913197165,99.91478143802338,28.479849991679107,79.69285588461656
,98.5677841835813,19.660934077390937,69.89428052945907
47.37286730569905,101.1332150026712,25.438798758674267,73.8707773097755
,98.13768698575784,21.718415298887244,67.67705313641535
50.86790954171721,100.64915645828678,26.15205520966517,76.58761086072926
49.83687315655648,100.4637824542447,27.542638255476806,76.10082420481315
,100.60202914670744,27.156019240704683,72.90366870891901
,102.45233900155098,27.95222060069272,72.65619186794163
48.45584260269675,99.04783089153544,26.422821696927215,76.94088049987987
52.087171656504694,100.80928530011624,25.664732786222785,77.84510569895237
,97.42465185319585,,71.15916529873273
,97.91691154459333,,71.5698559185916
49.98844710387439,100.3894739974134,27.09435752760634,74.38872014575918
47.41631955238268,103.08237559593269,20.924841665696974,77.94723339594299
47.18622131445328,96.45159042541873,,74.78705547486119
48.45979937542948,98.27991022463517,21.920436490750188,73.19733357203408
47.78013261478722,93.16599829314154,,73.20370838765041
,100.2418194383057,23.171754397646215,72.77867724100257
51.36893520765618,98.78445889582697,22.22439695303112,73.5389965737718
,102.24269270285966,24.924575216061687,72.9945484252735
,97.3360725884913,,69.3275735626125
51.34411111278558,100.05423720372879,23.542819412819014,75.94225779645878
50.68021390185383,97.48312171135996,,79.03339185979559
,96.3625137977635,,71.69398761357441
,100.7050925384763,23.695150262681896,71.09037735560665
49.84998147304493,100.05546638842918,25.01477068668721,75.97680212941796
47.54458792736876,99.74549555093866,23.915306783331868,78.48846109410098
47.796145695793136,98.35495099950626,26.993280429439324,75.08943634065861
54.450539605240174,104.0946699195434,24.960782676539008,76.34362435381023
45.24316901574316,96.47535527219326,,75.16830543263039
51.72041424819725,98.73567133786068,25.963118147291528,74.09840353990974
50.19743569585941,100.33778303538138,26.62214498040475,77.01779095967902
47.84897187776167,97.84321658640332,,73.5930708092346
,100.0912148283323,23.726930211690156,71.59763565272281
48.49954962607429,99.29851625894342,25.465547052285327,73.91001235135074
,103.73829371278268,26.964856844684167,72.10091042210246
47.55432907751854,98.44815725407332,26.99659471674207,74.0126322854508
50.42307688028684,101.85213242665657,24.427907010792012,74.68783709602732
,100.92544929587851,25.62628872197373,69.77067119462662
49.82786932307224,98.08415255661741,,74.64869658966462
,97.86156848154872,,72.48006530271935
48.910707854721565,104.45962441190487,30.73049984046184,76.16524309549946
51.94833655366319,96.57683849668607,,74.98561317363466
50.04122539887736,100.0003948565586,26.110093197781417,73.29014802102493
49.89653265615362,100.12576185214786,24.547604191949155,73.42034564796076
,100.13738650860999,24.086363426975936,70.92024659523908
,96.99787925807527,,70.0395210909744
48.82920528288217,98.13153876952423,18.52228609071944,75.3123631616694
48.31519623879499,101.16191764104408,26.592941064763647,76.45310731700835
49.54341817210737,99.47112339152316,23.698135777976518,74.91308315999731
50.264383402310244,97.38731624919457,,77.06939209228611
51.739339957140885,99.38784043203196,20.88569390424737,73.65089353834539
46.96858406076624,100.31539830320403,24.602023057462397,75.29515269272514
50.35170189194806,99.34152135358482,23.57614101260338,74.3131072682315
47.337375757040334,100.35285625642986,26.34789001043079,73.14710977391522
50.75965592384353,99.2885654136337,22.12833200615092,73.24372612194495
54.04210769522254,99.8141332656982,28.215640918751042,78.42761353176944
51.83069811364026,101.90468404859243,25.99860434313789,79.21611420634613
50.15729926241792,102.69647671704413,27.7218074535174,75.3332038767397
46.1407542256363,99.14550323794998,25.99999093316383,74.81781869484378
49.614273490834925,100.96244948743606,26.39925985368423,73.71817606407731
,101.74958502960801,24.334686851247188,71.78492398164258
51.61501191433355,96.43327485834288,,75.78850343886474
45.287316208208566,97.05761819843603,,75.23938306336755
53.39466702120917,100.96581727099795,22.304266839058833,75.91307545165283
51.670779389123105,95.31153356584159,,73.91997102667841
,101.93740270071972,24.59204611640479,72.43110937976681
48.94323822377853,101.02852313760735,24.911643630480313,75.16848748764953
45.59240816216172,100.13976091014392,27.419933552178087,75.45697206673982
50.54885327785831,100.69321543823509,24.78682866438299,74.57241120543877
,96.1672816491335,,72.92532343046916
,101.05626619156733,25.682949212249994,70.07625847010156
52.1145362246225,101.19538140417322,26.12336492661672,75.09838502899602
,101.84417655979253,22.12477926308808,71.32579749929235
49.9170601556958,100.49166578946539,23.368464795515656,76.96732195271339
49.339451839641455,98.92967124161359,23.766987150415307,79.89440567249305
52.039163548536656,99.6816475938469,23.814816197373037,74.09753589972675
48.421813175678686,100.31809547801062,26.07329049704875,73.16216292212025
48.81771653627861,99.21911735686996,22.258850146496016,74.85437665619203
51.17962973588431,99.00667362129624,27.858923584817724,74.70593579423387
45.6955059259904,98.58934501556105,26.098995936213605,73.71716644921678
49.63240089878738,100.30211984568096,22.723427734946355,75.5922664654883
50.58164149442079,100.68469837939847,29.03861204605976,74.20766617619245
50.65643291695328,103.5096492429915,25.097289477005706,75.42201406755045
,98.07364815372033,,72.58985273599558
52.05641529190179,101.54037622627332,26.024403021776283,75.31916812997203
52.85709986405525,95.49199388098253,,76.53652463150233
51.73188225088196,102.34521458154326,24.738665050381556,75.94150263072035
50.60306316110755,101.38988829791901,27.325685825869044,75.21931635601186
51.39949322111864,99.96726027893364,26.43882504423988,74.84525258798504
49.12068526151407,100.14123794288892,27.197156641544744,73.53707130121647
56.05634410481397,100.15635917773723,25.791603117983797,79.27627108486972
47.32622402891897,101.68354782847646,26.296311784458208,73.88686460808549
,98.40567267600501,25.364609543364438,71.71243747945127
48.85572304385175,100.47315741531621,22.215615766854842,75.20783904299043
,102.29517333019149,25.115534414977827,72.62021725980051
51.02122971961863,99.01568243898237,22.308713727624486,73.40170907997124
47.933632181253415,99.6394238683025,25.365570439429217,76.13749073464278
51.21655179275419,97.57597039879788,,81.65092948477658
49.393271541697516,98.69589674743914,25.978057310094577,75.66026831688862
48.913175138444664,99.00837272971171,20.00618909979864,79.10819069189371
49.23825563716655,100.35277191877974,26.915307251199945,75.55138000657338
44.44355852814183,98.96840588157258,25.698083918695463,76.15978365122612
52.5994635447284,99.0142328974869,23.289024123580894,76.273772974318
53.27203634317964,101.14014792439714,26.673038380706075,73.51816364773384
48.42705757641335,102.05170221371446,25.837090169639044,75.57838165323523
51.29354725359307,97.4785354908433,,73.91703648951346
50.66978891266384,99.60525887995858,26.474423779703887,75.90594687038467
,97.93916080528581,,72.20539284098555
52.65975972806839,100.88263946647629,26.023346493599515,76.40047849731955
47.93831155488075,98.21863870393315,26.519874705917953,78.29444774917803
51.07327591071954,102.93839692269452,24.60087983555202,75.21151242826207
46.71947041680525,100.00832780119107,25.80972924190996,75.50495782412418
48.82041464714966,101.14761577790664,23.948651858556193,75.23025781920637
,96.4788411924882,,72.06046891623708
51.67962739055161,102.48152721089978,25.876806251926666,76.65879984999484
49.96239846026942,97.99209508561115,,77.48634668709106
,102.80585965694621,27.012508947234583,72.93444136085314
47.24439433454824,99.69478545662486,26.327032215463863,73.84806829048054
51.569524268782686,101.0929812848969,25.544887975869887,76.94508131631797
48.48470650511385,100.35045311487914,24.638768594533268,76.28600144044648
47.60376067309189,100.2835801816419,24.878976080560832,73.82316763077603
47.91241485008033,103.0524888044508,25.15197509099683,73.97991020834958
,94.831308635673,,70.26625863186301
48.63885188995682,96.9848553148732,,75.91630047508525
50.042350266211365,98.11903822908876,,74.53871561216404
,97.74107852571024,,71.68549165998772
,98.93507892654755,26.28718130773625,71.14646115859296
50.39974942339791,98.73213337857622,24.626920683318893,75.73361288724793
43.841378660919844,98.05246667870182,,76.42537264745003
,101.43839603179117,21.694610691347016,72.01276587219927
47.849523578540335,99.93765154872436,24.806920152749647,74.98932667233336
49.33900656171623,100.19344998962923,24.04654535245882,73.77890999273355
,99.02272038063948,23.649741665679095,72.3678767807362
47.25520903942454,96.96323373368105,,73.84061300098159
51.025394674166286,101.48928122769844,24.85877708405917,73.83634269644573
50.6007033954325,99.73357643718033,27.411154226134464,73.41980902180104
49.78808869689249,99.53836714984476,20.705740813984043,76.89020681624876
46.46389079451953,99.1889050776469,24.961529117202524,75.79425055115387
53.60618652733746,102.31192181914693,26.228857485257286,73.1532421115772
52.4083431839397,102.82347038824271,26.69729820496162,77.21403876640287
51.86142221346052,100.29864570237498,27.810196556665137,75.70184700635146
,105.09879882124787,23.926918681294964,72.93730780541856
52.4206185860065,102.14448341987959,21.698553038674603,74.62664228272081
50.24467844193474,97.07226467215871,,78.08188312798205
52.925668917628975,104.8258115091844,26.369280179128268,79.17670583621964
,100.89877091847914,22.531006916343188,71.94042356452336
,100.03058295940518,25.842373106615796,72.74236310818044
49.81356405521209,98.8202469130469,27.758171887526615,76.24842368297949
51.44882950852223,100.93085655214895,27.182790128041,77.15776215036763
47.69298132532061,103.98811391932965,28.60352436446748,74.79097525575371
50.56171382117656,99.34607128816971,25.679868460671912,76.33917007807271
48.52202317694412,99.79769311940433,25.76004501887583,75.43339721466116
49.63740524711829,101.73626627025459,25.447340422723006,75.47241799562659
47.59653569718979,102.8465127750404,25.75254188940034,73.85011129119238
50.63910210634964,100.48245802669965,27.771718147361778,78.85455220621408
,102.89944203909408,22.246051911343425,68.846391513354
56.958903855654285,101.22828708344068,28.9121395293916,83.04893506564551
48.07822136578449,101.34988143668008,23.591051748648656,73.25604870382855
52.356937180762365,99.99740279589663,29.18563568466267,73.56592396793549
47.16376442904196,96.4436842532991,,75.85004497893505
50.23826578584153,100.18232126729978,24.516505522879953,75.27575059639565
,100.27657354461742,24.383600153786304,71.4277671900147
48.90247047509383,97.77057845572558,,73.28349327351846
48.42769255803931,103.49789817204775,27.411383968745202,74.90877858156672
49.65146713979689,95.46783914157498,,76.28320779735995
51.199717356820194,99.22314721878193,27.57240636831921,77.99221700274727
50.47390743164056,101.79576885853011,24.994121168436223,77.21189715548364
49.83699996956651,100.89666619448613,24.47438701495418,74.1507902379974
,100.10686537663064,25.761065217801857,72.80596215737755
52.616530156820346,98.75206898250713,27.482189684877724,74.3128797796993
50.30695423519448,102.35288180066715,25.059087437178164,76.03725705005047
47.78592441200088,100.56824766849363,26.55155275688103,74.67931862410941
50.880927631720205,98.71188777147835,23.188086226294224,76.85281732770841
46.904724765501925,102.41428557311605,27.47169677247595,74.90468353774203
,98.57217473602012,26.687746667426033,71.95603784536965
48.75583314517199,102.1010350646277,22.01900249142165,75.68350776604927
49.83996539687998,97.93804485614031,,76.43718127297532
47.795908064336174,96.03362043892473,,80.32343055491621
50.439399758783345,98.83614531534487,24.31294916181272,75.03060532587052
49.13686003558897,98.54031405307705,25.53176477583356,76.50683549793693
,102.20938390843327,25.73937412850302,73.10991436021632
,96.19782283498365,,71.34496784208459
47.46878775914176,101.14258140949131,24.80089773733759,75.00254043645228
51.4943230042174,102.75529049930289,25.44037011336213,74.32190021411455
,99.50728803757703,23.24247127839029,72.27312629068909
,103.36078888320037,29.503148831752522,73.10285198011985
50.959551184809186,96.83145067924808,,74.95386789506581
49.53005618523075,98.41913589048826,24.340548853528247,77.42867819217817
50.16333327941216,100.31473184869874,24.44793909560793,77.90174880838251
,97.90235898226248,,71.99693718654868
49.79939534178539,99.6629033552116,23.429482171960053,74.66638389627319
,97.33495845525871,,71.70916215637374
51.52241123399614,99.95908501383006,25.230612658516254,73.84937562136031
,99.4239686456655,26.15981248555062,70.42975394021391
48.948957260907314,101.31427663165825,27.208124759924516,74.30737113878568
,98.94597496450419,20.934261017513688,71.5500573799504
49.104733019684936,93.75627821324133,,74.86668510160621
54.239085728965954,104.13187858443445,24.863259649128963,74.15429855134396
,97.84413713211516,,73.09772111615464
51.274336771656685,97.03376697911835,,74.63684323777902
,102.8328360302443,24.127703299674362,69.78351487459227
48.853422251305346,99.19852843755346,25.13754284391759,74.96587042611871
50.928379397694094,103.15694049149494,28.174970687246653,74.60187421311669
,99.49844934726616,24.237805138568536,72.01306594127156
50.73513022620671,95.69633453571188,,73.63187693069227
51.969135238854946,96.99093308525278,,75.69326791591148
50.766916261119455,101.52115078793878,25.336340612325266,74.28176211851613
49.73444974799817,102.87253603241935,25.101767940145916,75.39969033538782
49.695120506243974,97.31063424907849,,74.98530725813401
50.589908624431956,100.02006078616314,23.30465496601343,73.44955931912807
48.51143894109088,101.80015129520886,27.64365403645131,76.11629258333635
50.404185837401684,104.30212709989699,22.99592093151746,76.98417294553542
49.54464521812976,98.23018222988988,32.47138889810862,75.64705378426368
,95.89425501988512,,71.73670129877496
47.67651724050104,98.86943964201362,26.75314164117497,77.34780611948197
,104.56562366007267,28.06088654134432,71.56439652592212
52.0501306612992,98.19721687310202,22.922866414298934,75.84939414610298
,100.48937001476264,23.460117596863626,71.99787653045603
50.03992100351738,101.76737502040798,23.309971851671463,75.93475043188204
48.64496727031877,99.07001256898552,25.101157734751787,73.31306019212491
48.67096594232212,98.4352876974118,24.130223390674924,74.79956199981793
,98.53140033147994,23.809444925702184,73.0484675218793
54.34879015236547,99.68000764493927,22.94801467950969,74.16683044183691
,101.36796474127476,26.74832520058872,70.30927106094066
45.50510564497705,96.21420004250479,,75.72583102238515
48.15847843940656,98.31591116281642,26.480501602575323,75.42974585596635
48.98460348180259,99.48049017087334,28.24233661731244,75.50380386993801
50.6698435337291,99.03862978703927,28.92247237516325,77.01449743119595
,99.87170719958718,26.156303480459837,71.9474827640544
,99.47660270122049,24.911787558432632,71.43874720006616
,98.35252199233912,23.56174000467455,72.6841528874289
51.36420883701331,99.1085214139339,25.650874163483778,74.14113514671324
48.946958661576176,102.93473888499355,28.557507253715798,75.20374470019672
54.348425081895854,99.20451072603059,25.519818708173506,78.11808429548189
51.90611198935446,101.98058700020752,25.09742462371753,74.84521133649004
53.01990079942283,101.95066205924006,25.308563206317856,75.56714098734828
47.570900517160084,102.629383298462,27.220659032083336,76.39701170572697
48.30935301787443,99.58557554929922,27.0988864036068,77.17984245614069
49.14243168658122,97.51314825842498,,76.56738486036812
47.02534335164601,98.94972690537571,22.639821664888032,73.84801237512889
49.486927173807885,97.03701093855953,,75.08203246284772
51.50409656644062,100.48547026523619,24.298360727588268,73.39768780344427
50.473423286380864,99.54473218816612,27.116051466200695,73.69179465282954
51.92155283296507,103.36777206980848,26.082527715946277,74.58710570830428
,101.05712690491127,22.73563049254714,72.39049436523948
50.341615289304286,101.60952625096046,26.478598263303237,74.30323459920274
52.44092593749217,99.32288044755934,24.82887261720503,73.297047960058
47.84935804566383,98.64427795793421,22.55821328333874,77.85785398064466
49.69451945730094,100.02823114566516,21.90827161814143,76.57243865806322
47.345808884129916,98.52882237129346,27.25536352185142,75.45355315907729
55.686147225626044,98.30345272994604,23.609429971002683,75.97530394485983
50.32107808705823,97.94996825956008,,75.82069624991313
48.08789839127406,99.09425793640612,26.501414542833533,74.08509128998921
52.8779678244152,100.5865066871099,27.137175728573784,78.30127549406853
,100.59768080970233,27.6017768008404,72.86650862268296
55.59170763369906,102.23231766683936,26.94003015963042,73.95593170369615
52.262647423923404,97.51649274551754,,75.45623130848587
51.82513178594159,99.28696565976198,25.689659321691284,75.32107515507595
49.51976320797088,101.9802709864301,24.70839467210001,75.94022523228203
51.532755282009994,100.03735423671206,24.16463405520833,75.11500454065387
,99.09323622568552,22.666999114222932,72.3854887531848
50.896755126330184,101.08335597246295,24.397461608059732,76.38396973991087
53.018257825484,97.84911261932879,,75.87122880167513
47.39897466438319,96.97120276821332,,77.04778526844564
,101.4217487504833,27.70614271939668,71.12172918952818
49.348903592143515,99.88289201793114,27.85625034376839,78.32481155446811
48.74243136823552,96.868697467488,,75.8511521754599
57.72004081449739,99.57682674258007,25.64451381573967,77.85804163958115
51.82962189561546,100.42011846722397,26.692803405115058,77.20571205092045
52.845052486901494,104.09747604628217,25.712570154288045,73.28424542747462
,99.57828363584574,25.969098449899995,71.63186876817299
51.88623517006921,97.93309522984927,,79.88316567386964
,100.08931041843219,24.97370127106318,71.2562843008369
49.52212509691356,101.59902836874893,23.254308142572196,73.47487832868158
47.912442017284754,99.65806525384828,19.62210403340505,73.56393071240076
52.94759115040354,99.15426410229534,21.875845552133864,73.52374231644282
53.33869154353416,99.54705419802613,26.05303162605475,79.20754235186836
,100.65307886616058,23.746381521178638,72.87797301081902
49.70133056447744,99.67070871321265,23.314942048732288,74.82987868924485
50.94684283260625,102.85809635088344,24.301204819690327,78.53217822427465
49.66399893295667,97.88192583476372,,74.22914719014388
47.015564282200955,100.91047456101728,25.23984410805624,75.25343394929487
51.756939030772834,98.6659262113158,28.16640991007328,74.06197588606499
46.31914085347019,98.52552629817467,27.91093101201808,77.69678858591655
,100.18919873739812,21.704315267127345,71.20878650154624
52.37944785774612,95.13676461485264,,79.97174621391741
50.54677359875864,98.59783356854415,20.38404693659639,73.60558564867193
52.205116093935246,99.94444098584165,24.105029885248715,73.50276613052922
44.92090919199358,101.90542302009673,29.302350591206803,75.07481367442617
50.4028540631273,100.77057022932102,25.382544525244683,75.50557994273026
52.5641917815929,101.57673900081363,27.760498505547798,74.64067175124963
48.11606444964539,97.92771335168703,,73.98925521095552
48.60597526982288,100.09836370507868,21.068680407163455,74.01103237705222
54.24776167984993,100.79265385476793,28.612195488909855,78.38850855723061
51.32944913599813,98.38092792762812,26.438963930278565,74.7793242524748
47.30884463789203,96.17208878226008,,75.84955927208756
47.21862213265749,100.93458642417501,26.052689225500274,73.55648133329439
48.018009811883196,100.3654464133115,27.211866990185822,74.80591478746634
46.75854813316103,99.08644230310719,24.164564289903556,73.5915464454796
49.80776115688836,106.10125503807315,25.125610661172747,77.77940723310763
49.79510947590162,95.59271097798049,,74.00842071947626
50.98640335758674,102.41495614524317,26.388845745213757,76.30944282854848
48.74401865864903,95.94298625685467,,75.85682615090843
,101.47039835498421,26.992757045739605,67.09499013171308
51.047797864955186,99.80714854446424,21.496043173952927,78.84844003370036
48.90048999462372,101.07062687017873,28.180290527214655,74.1352873608894
48.31747255483873,102.44252937345163,25.385075732935505,74.44496436619211
51.79108130848653,97.78403748403447,,75.5863508181408
,101.59790870554146,24.247573725186424,71.97231650531582
48.69419952479791,101.68475828714678,26.3416997592928,78.88700281459823
50.45948704439403,103.78480606756906,29.38589476440204,74.60356377380027
47.33067991868766,97.78317212787971,,73.72375446991126
49.711908768259214,105.00479368654588,27.3665592446022,75.71684069591748
50.20362321665491,94.8170736157286,,78.5584741412662
51.08340627970698,101.66598899025153,23.630631581353942,78.59434163779424
,99.34566948134557,21.906157515936705,71.6566661668178
49.70701358678063,104.7877444981703,22.117034744750004,79.18691128462736
,102.00940864412067,24.28121567671851,72.11376138718103
50.164275198335545,98.770159706997,26.29269802261813,82.0433494203999
,99.52217282225129,25.685598758463335,72.56004207119116
50.906467540400016,101.4066938382159,24.96386842235026,77.3895323314904
51.174842955463525,102.5447450799919,23.64317178996561,78.60331418884859
,104.7101811786148,24.105071707962132,70.33317735842206
50.53559373045854,96.76019471000596,,75.21262969636993
49.69165665936722,95.49301657218261,,74.83513534180476
47.505745082588355,99.98291684454898,26.06487912740213,75.82638873218605
51.006932975443604,98.23387421607113,22.499149803333594,76.26789141302312
,97.95464421545645,,71.90770189300942
49.73863862897709,100.68172042281904,27.392558538238777,78.35994054689859
48.020757237518936,103.91807329049576,22.24222921615982,75.34370928688922
54.10812315135638,104.04156354435008,26.720135715067602,74.96369100245387
,100.42012639779621,24.46873810166996,69.68706533279409
48.821199103859456,101.11428354655843,23.26939818893069,75.1699375511968
55.64565027846634,104.65203500772874,25.739030596623056,78.51100490555127
48.101630884498185,104.26991685580312,27.713771366973173,77.67966041204684
,105.23103282699226,27.329768707864595,72.17858350232552
,97.45933034312323,,73.02983384180395
51.996439358217344,101.24945437453239,20.40178200229288,75.84806850447661
50.71692873094822,98.12598089000917,22.79754056770901,76.03866148019547
49.24833205056543,97.46427241163026,,78.88088286640524
51.85083689424377,103.60836168168471,24.953988638420594,76.21693763412563
51.36624736356427,102.56389522291177,23.46825823645308,76.2434674089931
49.83291661659207,101.25314665199735,23.243564814152062,73.59400235546326
49.693407878227305,100.24484266966937,19.247087012532123,75.66212922952408
50.912290816211105,101.37276039434973,24.10621533551503,75.21127747418618
48.23513188062782,98.51834128465693,27.87525170283292,76.40106897533926
50.75218993820133,99.75485846210712,26.099233580260268,75.15405152082305
55.77860403983924,99.24993007868964,22.753584099731317,73.21213823975796
48.955227464766416,101.96786879154816,26.070286940783852,74.30396351098682
48.49977705274384,98.2013903168775,24.609538832767395,75.7034144750052
54.072777839000715,103.35057919217806,27.855850388606726,75.13455187308041
45.90657358881815,101.58787913118827,26.136655361497205,79.86662681236047
47.859395837842044,100.98946261167896,26.704364143814047,80.06129197190756
49.780656795686866,104.44690321328875,27.63839342624715,76.07837101603751
50.379117633708795,95.19661897952174,,75.79590680349799
48.42580791331934,99.19428800922823,28.68100773251539,81.48796105619988
,100.31535134849628,28.267875211218524,72.46941644396257
54.729889641264464,100.9774403201733,24.89771977569758,77.8050818322945
51.67207720488748,102.37140804243894,26.377968602941756,75.56059300833668
49.920849606897605,99.79619168967992,25.592330810190912,73.91492558064591
49.11299471395532,101.10650874874226,22.87432272368073,73.52151360385024
,100.28336077970506,24.216100814263303,68.8323481306222
47.53469278969827,99.26269279236766,25.22641056168861,74.58469065674764
46.06352676374726,99.42131779972203,21.75415400494906,76.36330192200055
,97.94002868099858,,72.00382142004179
,100.2080179573961,26.278172518464476,73.03041165505793
,102.06410400983447,26.21417657452424,69.61076856336412
51.766213986904674,97.32860364052728,,74.68892100161005
50.304665933062644,100.5868337788537,23.35540396650473,78.30516565882067
49.354456730710666,102.05476543051135,26.475532212786387,75.23850576528565
48.931123299856026,95.24236590246545,,74.66474697208476
,101.3905294263142,25.433463133893266,69.26864320177725
51.78529747502369,102.31481402276786,28.24400034139476,76.79011314641116
53.82590098309842,97.7078096794414,,74.00038177589178
50.56861312833649,104.06004172679772,25.695369724469032,74.96644205096842
47.1012927866315,101.70541107309745,26.737959195084777,78.78198783464231
54.056209444172694,99.52563410728543,26.629267809996712,78.72149044845384
52.306374957235704,99.5292327323638,26.038713592425104,76.28440013212376
53.29606253828443,102.19017217732404,29.07307282978135,79.63362958060085
52.322429762777745,101.78267377350232,22.27013039780993,74.37175703172805
49.7003480121401,97.50817100445833,,75.32675752140038
,98.90267117692103,24.651410476221,72.75107154035759
51.79730978987037,104.94254352949528,27.083912353323974,75.22242719443702
48.85441534024353,98.27095669545851,21.395697611886085,77.07360919658478
49.768842444426504,99.85897222794632,25.748414183668363,77.15593890080858
49.12052721252333,97.25050876667218,,78.90376146268257
51.0514940114359,101.59175007860269,24.2534075080447,74.82540764310897
53.62922152637287,101.62544402776783,21.58501910216133,73.46768063920233
46.42360788250302,93.01234188093883,,78.02205796556073
50.64100091181858,99.21466025301896,24.303016570172222,74.93398167259004
51.96328359551867,105.59362681435294,26.848538217529047,75.73026807806066
50.52573162288903,101.17293630408321,27.494340372460936,74.5459533260485
46.51332268712564,100.620970739893,25.922266693222063,81.26865824108341
50.27124901445435,100.39426467935293,22.85083550301125,73.82758289338288
50.08800601246248,95.56586330928216,,75.50259750456719
51.088199288857076,98.70113378687294,25.233522669245566,73.5858995291018
,98.92854563801608,25.89536680114267,72.67177519773267
51.580388048498804,98.45007924622566,21.941768622986103,76.2481313269007
44.73621835875121,100.14227265541003,26.37444304495553,73.49404973455852
50.741131033433234,102.11344486793446,24.73584422563181,75.10065231228735
48.45992583369925,103.6394300030737,24.55422222854798,75.54671115361774
,94.34504709546019,,72.86861956616497
49.78036908760453,101.5291737816338,22.366438394334843,73.7679344365138
51.83610909381846,103.17652379495013,25.73511743055521,74.18109732844009
49.79224777563799,100.39338285348353,27.41958168762481,75.67176505652081
50.76126615634935,100.27188427110207,24.75301407615368,77.07379909877726
,100.02865197357758,24.31479096936712,72.70503847694184
,97.97596721294292,,72.4788932269142
49.51338947835696,100.51489755627276,26.38610283933619,75.62329866727697
50.58213178596467,98.70539659158943,24.10538315298748,75.3941769929824
48.84636582330717,97.18233434240662,,73.37039840105399
51.79115616210116,100.4940799919209,22.69260987360184,73.68855836000078
48.660000594802256,100.33398763855324,24.22471824398654,74.59693181046482
49.81813673375676,101.35159432845552,24.94301385339075,74.52738643313914
45.84965985919169,95.7875954800608,,74.64169298274656
48.70871131889682,100.89026992333223,28.920227702138785,81.42135753425545
51.84979548560442,96.94776247311866,,76.46310660768609
48.58908720641843,100.8099097541656,26.857035375940704,79.94698969381315
43.923081857113814,100.43614071858758,26.436592777870658,77.68830404701146
51.888619922967656,99.32784247444943,23.594702653928284,77.07489916352351
,100.13666002201393,23.984821178951343,73.10802280044678
,97.64704227964799,,71.78218373953396
48.712265541816656,100.70641259528554,29.762266727646963,77.32799142125646
53.88181781446471,101.5757260447515,22.60842692459118,73.89808048230857
51.471240950760624,102.91190276687725,26.58226973569501,73.69548364501298
47.107377016751656,98.04432572147729,,76.22273456896626
48.54688470766012,101.66365163525259,25.00773002155089,77.37000576848601
49.636378845754784,100.1480278419011,22.81353315560731,76.46568188324466
,102.61558942748559,27.260516626198545,72.0593585496028
48.428974519007724,101.49052528136468,24.256139830787983,74.916739774492
49.41203234859402,100.71094648085791,25.302398081118387,74.1289484420822
50.11084091183842,101.77049071517526,28.827099371586826,76.72212462320556
50.07129010304491,105.05836388495136,26.737831413528586,74.38940324932736
49.7210829870473,97.64336164899935,,73.14234246688045
50.14188853524151,100.28447113895861,28.19311951070483,76.7098648426514
,95.75874819751814,,69.710442752833
,101.67855908125458,26.35686791153168,70.96383303420194
49.14174049908055,101.20638792491316,26.707029752278245,80.08379937732283
49.034828736744245,101.24952242406343,26.424965529583464,77.57953042356203
49.1588587521616,98.91007676389276,24.097983100793922,73.75304199261534
,97.10061193560968,,72.49884563869063
50.295356900146096,96.28301278543857,,77.03467797242989
50.60610653545087,96.73837898828907,,76.00339233333997
,98.07197298367936,,69.13606113899849
49.86275379737412,98.1369900986018,26.992031269635213,79.16378530747582
,102.4940793185354,23.470537873679376,72.56592079501571
49.55701374582202,101.95739509654837,26.7236355873896,77.33288455809469
53.33291599558616,103.80319384496879,25.398453308684267,75.84121874221867
51.32091888039468,102.38780126191037,24.52527292143857,77.46632038607602
49.06686325452656,103.05682036975969,26.79575165232132,77.93996771799975
,101.04959550896272,23.493285514583114,72.92184342538744
49.592281951281244,100.0929100607155,26.497362854201924,75.40220469118998
,99.51586697439627,27.907030955859973,69.52070696229725
54.20175665794419,102.31559343760321,25.97858477585112,74.84098238247621
51.199845464886835,95.99422846147868,,74.88445348061666
48.96198815244488,99.08907109428499,24.529795971239945,75.60666336240809
48.31508679044373,97.94997077902603,,75.7403292319487
48.462017883212894,104.5817965183113,20.822300004367946,73.74030538883171
50.06547158599341,99.25692464175151,25.512641227442934,74.60337004501523
53.15592619112172,100.30158397832453,27.952908771149744,77.69845851083623
49.97924406212794,102.91047141853733,24.532279972802947,77.32431229912513
52.075334089424565,99.62339356513387,26.33873724301026,74.77611030040116
50.472597086615195,103.36594290566802,28.099865569491993,75.7205417489445
48.5500596091061,97.65839101882382,,74.47877873333202
52.329555114279586,98.32678209672919,23.03929440232033,77.91237268175654
49.575346184444655,100.44483391255417,24.890434383810348,76.50686551484839
54.821032046369204,99.77339855685788,22.995136573670436,75.79290103744202
47.30706501134702,104.47681440566825,28.987604166827083,74.3740537612881
45.36933026065548,100.62298940989997,24.78824546717121,74.1957263938597
,100.9817723567201,27.5985363181893,70.29316552781445
,99.27850483381698,26.979275415031285,72.46512160853696
55.02549365719431,103.20857263934957,26.01617292931406,76.20855010893999
,102.2268664278264,27.403412952741157,72.20747211951782
46.78864606258023,98.9035001962346,25.964507320583362,76.77741085830017
49.42057582693921,101.70010795899837,24.261816661204442,74.7147922960526
,100.24955833750208,19.92225609303628,71.96149214042799
47.29447760377262,96.75797000882547,,74.7792254086503
54.274073671070106,99.73278226451286,21.830487377904767,75.69784129102935
49.99688452686805,101.11076123843912,25.32712518113987,77.44013477573678
,99.54731780539808,22.116125871661467,68.27985578284118
47.28960980203873,97.68810719603482,,77.33512275930829
,98.0589450699473,,73.08632411529874
,97.90980753619351,,72.59828684809867
,98.74296828152083,21.730524665599017,69.76521365783088
54.06428333420864,98.92830309208904,27.816923653497554,77.5683771158032
49.1563791176291,96.98891154038223,,80.08129884961825
51.96870307038574,98.31442690639726,23.44219404212594,73.69277078218317
52.5480409014388,99.57717499374961,25.18600336184004,77.1066764826519
47.359145669132126,97.93903989866646,,77.05890080901092
53.005869330040944,100.66018332401417,30.10505815581395,75.89989241996946
48.63375604364247,94.19083373621494,,74.26716421761857
47.717743542143964,102.6252599551277,23.944913523270824,74.49055171817423
48.27709985466776,101.82202317156118,24.980371548702333,74.90200923168591
47.104748894511346,98.62773055016548,24.109771874862645,78.2362487183824
50.695238138446676,100.69421360518933,24.333613481223477,76.56982140323518
49.94463650841013,102.22733642962943,22.903377703102592,75.86308592485759
48.219786817519704,99.58947993862834,24.64449276626217,73.17677220578352
,101.55726326841499,27.431808235781986,72.50899499992728
48.05598383507445,101.29344126339507,26.68747762187293,73.58074453999633
,98.87746002035291,23.01346983321571,72.72019905900035
50.10846604370488,96.95727571997323,,74.92180480659268
48.205688356148926,98.82191161720552,29.708891658417613,78.5246086566158
49.78976976158026,99.83610474184493,26.784971663835137,74.44795967058872
52.320218628054114,100.41492024653692,22.747144196279667,74.3826485143132
49.46450754163611,103.62600012449134,27.050375375878588,73.92578490978066
49.03577793824273,97.58939410488574,,75.8739229333135
45.01860473027298,100.42990449222158,25.85732755737394,74.67553208198585
47.29029051357747,94.37037397933695,,75.21568986975124
49.38859972934184,96.8902267518541,,75.30062152433699
,98.61821710074264,24.553963004102183,72.97986205000942
45.547392634534596,95.83737142266642,,78.70248867306964
49.380700644763365,101.20371119213111,26.224792112518042,74.59568362419394
52.61008832807744,98.43460448666806,24.289190839780893,75.40183339175968
54.52908258146464,101.6965180158571,23.514807171714786,75.45490170716505
50.003302283135326,100.14750895811777,28.030680676689816,74.40712876872426
46.428491662911995,101.02036714410697,27.218118768184326,73.94670858399222
52.35370596474082,102.48926697499684,22.11812726086323,75.46351205006226
48.62931299182073,100.60820815789272,27.718215297267445,74.04252102317224
,100.50990169010237,23.725619053522273,72.09542119434558
48.93625865634328,99.1978109827011,24.147542313635757,76.83344156695634
52.98455653066097,97.31502864768326,,77.6765441559411
52.72022924348678,103.45304218804,26.74739673212301,74.66006323573953
,100.94940420792575,24.087107754899066,70.11437777550582
49.774405989387894,100.06553417029865,24.29067264932937,73.16929331342942
52.06832049272852,102.55449977174894,26.412903990743462,73.58074807097299
52.12996930662823,94.46607287345658,,75.8082222496763
50.261398444402154,103.09987170875608,30.781853508295626,78.04564455887014
,100.45778280598714,22.722421237095688,73.02892973188976
47.61081057792727,98.37265443957743,27.43808093154984,75.97986282293672
47.95148788295121,98.19089814880199,23.645814428711287,74.25843972207957
,98.45161917854307,20.5716091767753,71.91544658422984
49.91139339796245,100.05224057430647,23.481813870966597,76.57658713583261
50.44880326178886,100.18871573666553,24.62705200279323,78.34861871902663
47.279466494539044,97.5486262532574,,75.08514762080472
,97.79342705361218,,72.35142953023141
,98.57745235631958,25.827446326208104,71.97753366547141
49.0303308096672,101.66756818320034,22.648708275255593,74.00073953907403
52.5367026490414,98.59882201022693,22.58748359069807,73.89440535994791
49.676843035925266,97.60863293981568,,74.6727174693861
53.93011617347489,99.59999923903834,27.39074712821468,76.60278299770995
48.432475154146985,102.09277716566291,31.47571083864719,74.84609941817318
47.14257341917032,99.39018404009515,29.499590809800644,76.99513296578115
48.0777057148405,96.35905116213453,,77.12144251213927
49.073327572283915,102.98145319268843,27.46950084049028,79.5748834814905
,100.23594255344405,20.627437287326284,72.36963782736605
51.36482104133059,103.42070804365216,25.1576896954314,74.54130263408854
51.704509835169134,101.59145757762019,28.21503231290086,73.939780186844
52.59398012885563,100.77731045740036,27.95378458566508,74.92147607477614
,99.46005609780455,21.137543410465632,73.06196758818821
50.859017399280546,99.76593474382236,27.91281549214916,75.28763639750574
49.52005244924404,100.27581890096963,27.86570782965359,75.16956573534087
51.382657674266646,98.16465296901458,20.82192583257019,74.0275023849243
49.758095483184626,99.84901515417387,23.98967686759087,73.16456912825778
,101.26696202454944,25.853084758085792,71.16389970539377
52.936852948187365,101.53285579862083,28.331178932077904,77.18862698929384
50.87057271176427,101.52183847978847,27.436704934027023,79.13732638599873
49.466820265460946,98.15208432580692,24.53130120318434,76.87856685034178
,99.83396867069686,24.5742024352604,72.50327859319859
47.21955872230657,98.02150345192398,,79.9956655334841
,100.71211127869606,21.70442415179999,68.63731076688107
55.855108931869566,103.66653015560324,26.011154649173754,79.25528204168003
51.03713097588047,96.94517745496606,,75.95795255862015
46.825321639037924,101.52844563525724,28.085792034380322,74.37442077807651
54.13162421006404,104.93561134812607,27.894176561934888,77.62782068717145
49.90543772136055,102.76016397389354,26.80509154571564,74.52650040949803
48.378095433869575,100.5299104268934,22.673552656307432,75.67258442613353
48.30875734928915,101.21539315947477,27.08133838768628,77.55616697882601
48.431846379518774,99.49974334364568,19.345300969529664,74.35939418188056
51.15610609846394,101.20793634138285,29.535578781138938,74.68686696130023
49.491081092359344,99.08811899334637,25.48579210062617,73.42746909160934
,101.63702128399292,26.69785562437834,71.12472356071484
,100.76103259232842,26.562169949831635,70.68104354205704
50.485516812890964,98.22229572306435,24.096007748247743,77.08270061714155
48.18735521352432,101.35110929651012,24.835293264691913,75.27867091306902
50.526252893431696,97.19398212232058,,77.45317047583406
52.42666148729154,101.07393998351085,28.614824227831406,78.85632502428047
48.80644838975019,99.70122046416223,25.342714483393102,78.85608987321116
,97.92955519563093,,72.9176958745295
49.62545956936975,98.996584074873,24.996934351483286,77.44018225819983
51.98486287847877,99.5567842050295,24.099500990264218,76.02752872326361
48.1261538257303,100.02930444748245,26.959693039786558,80.19624731037635
49.12621426919541,97.12131198243121,,73.17908810711747
47.671410882544514,103.48927383472453,25.751195180351647,77.29054259576814
48.00833579720559,99.43936389968165,23.728185244576924,75.6378185417932
50.081476763077504,102.56737213073785,23.979883690517525,75.17443008429456
50.328694013353484,101.39995137273901,25.219082306853394,75.72944923266621
50.608121001298265,98.89972348210509,21.094466511309264,75.66230443602522
49.252623398497306,99.39872956809182,26.47272418294634,73.713363473521
50.21619330067938,98.2382957712744,25.55798752185051,73.89871463333836
47.66506552435388,97.13332532715043,,73.83737095015051
47.20106705316113,100.17583048659667,26.976296681565092,76.55404371295747
50.912807045293526,100.74624006246698,25.849274111225522,76.25465781037431
48.6143102075795,103.93591754384708,26.36907611242758,78.45700771420334
45.143970660772275,96.7476779394368,,75.24232895024774
47.555953506648294,99.54037999857337,25.625100281948097,78.90572270755001
,97.1244984737087,,71.36720081312113
54.005909736379465,100.58863451076316,25.29908143102819,74.90602047970414
49.16012820454388,100.51456155069725,24.46299761746695,74.50777962364468
50.00246039212727,97.8215400743158,,73.33588994034436
,101.42487848321717,22.23467323799188,73.08854594928872
47.36536464874221,99.96822999841156,24.089615448729408,74.21892345273888
48.23292387963307,100.1339875724307,25.677701746203812,73.47369217063326
50.00056486502572,101.39377930787603,25.497750081360557,73.87964709996507
53.29292922315638,100.24992023274177,25.48174713808293,75.6161429429905
49.13379134072197,99.39099115205622,29.1677931773216,75.0247779975724
49.08074904706299,102.47828471278339,22.614262266484953,74.22562400348461
50.27351131419167,104.0584333366831,24.69373650963893,75.36969550577264
,101.95468917335664,30.119334727999068,72.8809813198426
47.54424896414698,101.96711335707403,25.74243087986855,75.47652244621595
,99.34537897410958,26.253191469362747,71.51120740236078
50.39215567199286,100.51983556876694,23.667534283430598,77.15901791876402
,101.0903507056568,27.726988143236312,71.49947831283663
49.82357145571905,98.3911021385875,23.194709398668028,74.6087384308306
