x1,x2,class
0.4393338684434988,1.256505241448002,0
3.0941590268378087,5.118281342186924,1
5.017587993125392,3.9427980386026467,1
-0.3589688789987324,-1.5036062152004013,0
1.319293946880934,0.09756212999016795,0
3.9836586463301966,3.737649394876283,1
4.713058443817246,1.4677128940528106,1
-2.6734154064060265,-1.6050411898515984,0
1.0215485124075523,-1.0652124367974802,0
5.349371330448015,5.05681821876307,1
-0.7027280770694808,-1.1550162075789678,0
3.831065925243177,4.8871696173520505,1
-0.6952265704086492,0.022219733744177076,0
0.6569048629481052,-0.542189485432146,0
1.6282871261136214,0.4604053043065652,0
2.7557964382099875,3.4784852062261225,1
3.4828765706040516,2.6686185909178946,1
5.7373758402199515,4.9769095009941235,1
3.284599928218734,2.721228113329916,1
2.9225578701585935,6.015436951245026,1
0.2921061985249371,0.4043464153062602,0
-0.4440709056304146,-2.44696101248638,0
3.96822334830982,3.148743440806901,1
1.1273768161811366,1.008550732106003,0
3.667119973537927,4.517446450510645,1
1.9004333357350778,-3.454968067486541,0
0.6686422831218448,-0.9591840974193789,0
-1.3508258789628789,1.3488779774488757,0
-0.9802349837168166,-1.5999904415988788,0
1.9575480332552724,2.422993207704302,1
5.1344975416152545,4.471339264309809,1
-0.7744244878316976,0.46132967275780407,0
6.023737274099926,2.7106329834790426,1
4.614780069871708,5.276361224794579,1
0.03692850715325621,1.9440427222300747,0
-0.7666988366151376,-1.0918822001782702,0
2.505050057634861,3.5652041385365636,1
0.5550417284340408,0.19071646827451066,0
0.8873858215188243,-0.0910528313156744,0
2.0928245391079723,6.002173730702373,1
2.7446204503837484,3.9128553740188816,1
0.10059279346788583,0.7724723304372106,0
1.3719319819523021,-1.8432445567289277,0
0.647526022090359,0.7987382298655603,0
5.187127403192692,3.1228341648241136,1
4.712816741855935,3.501281017455267,1
-0.882826315588485,-0.6872019145113368,0
-0.15813238288853027,1.602616599861567,0
3.396762659938198,2.7774850583214707,1
0.02272880782551365,0.0024992931707726353,0
0.921189659462786,0.8050264898526961,0
0.1705745333205802,0.33045172014294205,0
-0.5832763665858819,1.0138678343657417,0
-0.35256644776249507,0.21755717618697437,0
1.7910575040282861,2.8903827621522704,1
4.890172793361779,3.0332675681996446,1
4.809960750775528,5.272972132730157,1
0.24913380990102518,0.7858572780122414,0
0.062200903702235695,0.1413792632838695,0
-2.3468867559690008,0.5250050513884456,0
1.1830380432263305,-1.149444036459619,0
1.5034439043051713,1.130628641492126,0
3.0555113297251566,4.615002376096374,1
-0.7585103130386736,-0.4569582151395733,0
3.8101420097682728,4.760451435742004,1
5.348083195787164,3.0602961785356104,1
2.693525950278654,3.1576356276187303,1
1.8927668239177848,-1.1863402704398558,0
3.3498518061227003,4.378483744521131,1
6.520367614086394,4.711263840134974,1
2.6650261091832816,5.401650569759942,1
5.191771823792192,3.631318114733619,1
-0.6350320267341357,0.0632117632933675,0
-0.7238055113680563,0.22587591470624613,0
-0.5831841546571798,-0.9016040698996084,0
3.9409918800809014,4.097678096504371,1
-0.799581834378227,-0.5468275508034365,0
-1.3131876644059124,-0.2622282873176149,0
4.666519668849465,5.472535818371513,1
6.011764088225847,4.682664712688542,1
0.531604109848739,0.5280125951444278,0
-0.08412417124834312,-0.23710564540089674,0
0.9119227568485176,-0.8814119981102004,0
-0.5375818837857422,-1.9621989284254304,0
-0.33568700574597765,0.451533744651545,0
0.2155282851531567,-0.787310568582997,0
5.003837644319342,5.673209526013624,1
-0.9567443806532913,-1.3077235946743204,0
-2.0583905399588356,-1.0612966962723003,0
-0.7284293061303528,-0.7251446668134549,0
2.3771437071181434,2.1268541723312993,1
4.045541329189608,5.030817762497461,1
3.316735325978757,3.6785273536807135,1
5.415389652325946,3.7383899426734977,1
3.7729951428015798,4.080056189000008,1
4.153830987501995,4.858157883346971,1
3.9506008604693896,2.4020699134653087,1
0.15180176337134849,-0.6101806223637816,0
-2.207420445824535,2.3065315592837314,0
-1.1345009617067194,-0.47275494634483767,0
5.035383871590856,3.6860876984284268,1
5.533805725257878,3.6333439392189213,1
4.168798160187149,5.243776444266264,1
4.117788157700372,4.301443518617174,1
4.6487643203288735,4.11887368439439,1
0.3982658587069738,-0.5207286693595445,0
4.4280072456653095,2.8304032009788203,1
4.58714400440007,3.729619156652137,1
-0.476666513684961,0.9538447537829504,0
3.69507625981159,1.5304624132740083,1
4.807816442126179,3.1384373787962327,1
4.331818176860559,2.566196671797451,1
0.2925304803987619,-1.1103079583444109,0
2.287453220878283,-0.9632682830855607,0
3.6461332399950557,4.70605791935362,1
3.9092464525536315,3.6594591288330123,1
2.220360390012675,4.011148294367787,1
0.8778084659284574,0.4498594101328291,0
1.9080957518242943,0.3033777261329001,0
3.6686043880064476,3.1006317941201633,1
3.8958122142533886,5.087235466685404,1
0.8494790877495072,0.4982532499100649,0
4.720901386735927,4.525638644876928,1
4.263851386420756,2.40235032149626,1
0.9884931363014826,4.106944397492553,1
-0.013970099782600581,0.9243206134173516,0
0.11578939642053447,1.8301567359617836,0
6.215443136739978,4.543258415384575,1
4.694953596708013,3.281477817737309,1
4.427180075926158,1.0502767331858633,1
5.477563212388429,4.45440178120536,1
4.628258603746815,3.0927264658717286,1
-0.8608167724335269,-0.36237849336603634,0
0.006961120790430391,-0.6786130621372981,0
4.147705303361446,3.499793628471916,1
3.739148190803722,5.799275840068602,1
0.08900207348448498,-0.35333429111701975,0
4.621632688926986,3.2718809491312664,1
-0.5870673710443063,-2.11055299041352,0
3.678981727255461,3.7336091144285497,1
6.436141677232703,2.4725094217213286,1
-0.08778820694470904,1.2642008623465106,0
3.7114550761347957,4.42906352840323,1
-1.4193770006024837,-1.2272200896119105,0
2.810890141788178,2.877485202408125,1
1.1161467030126377,-0.12206216512369486,0
3.734488743414661,3.8480771774986944,1
0.6754322960414938,-0.8332760018665364,0
-1.5787427308987552,-1.0823416946685254,0
5.0533707741077425,5.6209713289659975,1
2.730167886106721,-0.9573905804640874,0
2.342114369289562,5.072485412159751,1
0.3531063663863813,1.6202307347333442,0
-1.47215634520032,-2.1676652997910653,0
0.510085151715498,0.4047613677596639,0
2.539427832456799,3.356286706077441,1
0.543324843815541,-0.2432616558531926,0
3.9319007886121224,4.87650519522768,1
4.792571788634179,3.712903730471296,1
4.756891361100442,1.8824038919603296,1
3.711212774509258,4.789057056735654,1
-1.0907123889739356,-1.0489331165558304,0
1.2965947947886207,-0.1393376829524819,0
0.10345111695650049,-1.4446478563280114,0
-0.022527810495041677,-1.8055539861537464,0
-0.5130549164753294,0.7632106186401274,0
4.097187043286838,3.3488653585914205,1
3.7373293923714597,5.426672723205908,1
4.982479870379418,3.404765270363937,1
4.701065522012953,1.611048493905908,1
0.8905681112017827,-2.801209865269791,0
-0.7864615380093709,0.5285621555555434,0
-0.43868201551752756,0.7960350187100562,0
3.6659884887554717,4.1697695881911345,1
-0.5332557506301049,0.34029040405378025,0
2.0084541522964057,-0.030851563895801872,0
-1.4134692988078892,-0.9703130672469545,0
2.9012445981649666,3.451469672890914,1
0.2912303289855882,-2.1592856537790674,0
4.521485461142852,2.3418753891629676,1
-0.7655660293473154,1.6061608424912748,0
4.2168378961441455,5.89616337409252,1
0.7696091564414461,-0.9122163149639845,0
0.3627322054039379,-0.8194480375423302,0
3.444274052673902,3.51633083281048,1
2.892753763642201,6.460366098580105,1
-0.45266539963303215,0.44008364673880274,0
-1.387135378986748,-0.09046117539424162,0
-0.5956373603045325,-0.24407550748960127,0
-1.8657358364957535,-0.10601928826183853,0
-0.1478873378438741,-0.41740721542847276,0
3.078382090459842,3.122142684660639,1
0.3604953053341136,1.1039976163943412,0
5.672031010957782,2.8326118696387095,1
2.6210411872825192,3.621115595890372,1
3.9408949096792814,2.0325236759289482,1
1.5648979105908098,1.4142413468178558,0
1.7473807269665167,-0.7742625461154496,0
-0.7031659504432684,0.1978773195763647,0
4.992171887281907,4.453596292611354,1
3.8670858573294207,4.254376125324111,1
4.201662261904016,4.726970118310858,1
1.3228723541933036,-0.2703965975386172,0
3.5159437181454107,5.830331975071136,1
0.9182678386750159,-0.7971859661482169,0
4.831449546825033,3.071779783599624,1
4.438848366555527,4.665520810910855,1
4.474808232461367,5.972655918733387,1
1.5125389281479977,5.240421030544869,1
2.670743738960404,5.307399583737919,1
3.6026636439189526,4.249630286724139,1
0.34477554352800094,-0.07179698611808426,0
0.19095385933689593,2.4275239167813973,0
3.3951461941099863,4.63997583951104,1
3.744323824444633,4.255565085856666,1
-0.29065990555022764,-0.8845960420974408,0
0.7603815877792868,-0.42916357530397453,0
4.236458540039383,4.572561496776476,1
-0.1306773373317072,-0.1593129437665368,0
2.903582388414192,3.5594214624380722,1
2.96275200357602,4.610469037026505,1
3.7237444227194194,5.488107139446294,1
0.30649326076244493,-0.012871038095525228,0
1.145650905136176,0.557630309864182,0
4.988868315258373,3.985642809085028,1
-1.2365727019613315,-0.6704059312892553,0
5.841404244920291,3.8468450217036425,1
-0.0030176132271916302,-0.09104188753368443,0
1.4937800922389612,-1.309037068411063,0
1.855564629089853,0.7341747944104504,0
0.08732672278391337,-1.2278960200256552,0
2.918957218519889,3.3748305589393395,1
4.824923701628144,3.8942522621013014,1
2.295564355512947,4.659362287075672,1
4.540840472138585,1.6124303614631454,1
-0.7795313496481167,-2.529100589066821,0
-1.0228937524754493,-0.07544841468675997,0
0.2391878870854743,1.0479315401585245,0
3.6173581175016336,5.627731866525401,1
3.0908051450139733,3.549325768889619,1
4.862482644512833,3.336714866618284,1
4.29280608287157,2.9925598231439965,1
-0.8692427971104253,-0.9387644741904728,0
0.9151397143197232,-0.07568468651176288,0
5.504033343011876,2.4382821218892996,1
4.074715338577341,3.9585115784805347,1
3.0177886894511317,3.8316386905281505,1
4.621563992896421,4.187737159053241,1
1.270514498111465,-0.3509424836662399,0
1.1659901390360385,-0.6039337251806021,0
-1.2452237897618974,0.7906367444459395,0
5.216425045403944,4.009436125379918,1
2.7237544524097372,2.7582487245992424,1
1.1421602585533341,-0.6072521262261591,0
4.7358808448401,4.162933221260027,1
0.9320143773213411,-0.43200244464318605,0
-0.4365298821330537,0.4319761110490396,0
4.05751261830031,3.767495872833721,1
4.810020789482281,2.7494689896531304,1
5.586712839540565,5.089200002534947,1
2.740994811262108,1.5778402080707643,1
-0.7888995093906878,-1.2967003042139174,0
0.2418532179579438,1.1767981029003582,0
4.6136628081272715,5.414797736544374,1
-0.3507902902776739,2.3838044229129802,0
-0.6856191307103098,-2.728273974358017,0
3.8872107311413644,2.8514321014702126,1
-0.12004482692636237,0.658328587344372,0
3.4532853369594063,3.155359407634106,1
-0.3715693770807328,-0.49984797892077515,0
3.471975715907827,3.1002434243269175,1
4.925236668992789,5.255348944043892,1
3.6687636604340077,3.6036316035940814,1
0.1209501205236215,-0.8911896327040331,0
4.004426930425438,3.4269034692091043,1
2.845276912553476,3.4933148984214424,1
1.675300628199779,-0.8585942294964084,0
5.112692876448541,4.361383153653129,1
4.782509452861566,4.190566344630253,1
0.24116170713269947,1.0005251120249394,0
-0.5405170443948345,2.341639452388939,0
3.3671359042341322,4.50051182321406,1
4.1683210646498505,4.088466754943644,1
0.3513779597498776,0.35062939815766553,0
0.479941128982201,1.356342594820286,0
3.6204340140473636,4.505249528241662,1
1.3464997562903556,1.045867942700439,0
0.17242735854901692,1.0914360545206017,0
3.823178796766255,4.19078046629604,1
2.0265155179995573,6.373440689427893,1
-0.2047921793802945,0.4796842770246027,0
4.639463760543541,4.411026292336244,1
3.404524518196413,3.0615526162428335,1
4.373315185572707,3.506718148293198,1
4.224370353230277,2.6820741139010047,1
-0.5605387740919933,-0.5630138212320993,0
4.710567722535483,4.406904588324511,1
3.3729008815751618,2.9022086527504767,1
4.416778285040594,4.4133150462479085,1
0.6176771000205964,0.22946520795001607,0
4.225855356355074,3.387596489709452,1
3.380885550590207,4.897649558531625,1
-0.6445238411357281,0.5636757501787425,0
0.5398033161594855,0.2689052956787832,0
4.399167482630157,2.272570042604849,1
-0.5699885224057581,-1.8444857975254305,0
2.4542053523267477,5.194823945500621,1
1.2600266223539818,0.05042801875475188,0
0.7073390751419438,-0.5251665161644424,0
4.8844839429397,3.4488224851500497,1
-0.48665078610895945,-0.3116178572581265,0
-0.6214212391959212,0.66707178525481,0
-1.4160393174577626,-0.5592558461916287,0
1.606964161051252,1.8045920198108503,0
-0.06798514978381705,-0.311166393221243,0
-0.8623966900325611,-0.5151933568766495,0
2.7086160170812925,4.382185128134852,1
-0.16969591963470865,1.190014251598251,0
-2.206041598630177,-0.346354757495351,0
1.2317047447103757,1.6559111055857287,0
5.211728467145716,4.6673772024751425,1
5.52152336857636,3.4348930865901437,1
4.221049557522061,3.240114526991456,1
0.20924567462690535,0.6994399204499945,0
-1.5474886403459973,0.07978499209648768,0
-0.2876487899265518,-1.1217454422132969,0
-0.12422130115217422,0.3709663970986893,0
4.63789232026822,5.772376053562207,1
4.109095287639794,5.653283569120238,1
0.39612890082027036,-0.1698095615137421,0
0.11428907874174307,0.8989963418274783,0
-0.6544406671998633,0.2003367671725741,0
4.1420442182518835,3.293196442256617,1
0.8311893399660277,1.3418690539059805,0
-1.3371631927484418,-0.050950107208173244,0
1.0692032704157144,-0.4895392253560957,0
0.7634084128838337,-1.3335170844310185,0
5.945089655980263,4.553078871589625,1
-0.29268767053528205,-0.4854164913227701,0
3.1236091709122458,4.591562201464314,1
2.632341244795556,4.168251227157713,1
4.999848548380488,3.887756206670334,1
0.6024018134600534,0.2976859512567071,0
0.11800136906494439,1.4040887425625546,0
4.039623652791617,3.486844683301207,1
3.481561217398763,2.7090412633501986,1
0.8746341081683933,0.6862856903067115,0
-0.4892500819025219,1.9432354966255703,0
-1.406254196510761,0.031230415477483724,0
4.252919697239757,3.887721143338305,1
0.22608592623528623,-1.2840763085369828,0
0.2959984124004842,1.0542203085181727,0
5.030664454376968,3.5925567928644426,1
4.0377900540101495,2.41545496476435,1
3.667786852400505,4.572099571520751,1
2.8198717326577505,3.4507050919997946,1
-0.9156238335186612,1.0098808532881547,0
0.8645552652392529,1.1438438532121566,0
4.5525450184298455,2.931443555540806,1
-0.8684491565435779,-0.5515165301857209,0
4.653850549300895,4.300629534847146,1
0.004882542557064302,1.5533645890318768,0
3.4900119221887493,4.499921283595186,1
1.017519684124104,-0.8737738970889385,0
3.216566896299228,3.557314738864694,1
-2.308022506403802,0.234994791952207,0
2.2256415794223745,-1.542174309708277,0
0.21996459263066437,0.8062024455063571,0
-0.902498551107308,1.8707855872651358,0
0.2847176523040877,-2.0446889079962847,0
0.18674949763602353,-1.22163628899435,0
2.7158690770502885,4.628020936740146,1
3.4334674712298763,4.42224855542378,1
3.595987434814815,5.370667307825819,1
3.6808863523979687,3.319072166649753,1
-1.9149651760033464,-1.8843489869382544,0
1.6352317881625342,-2.49950596612153,0
1.0556973725488645,0.2405023162178331,0
4.416220218191136,3.876104582741544,1
3.82486585683295,6.110730667450461,1
1.5065592963745826,-0.8694374965883893,0
3.2273133049807523,5.719748456491795,1
3.605467191338879,4.638236640975836,1
0.07474007277993991,0.18149944560201187,0
1.1445982222494675,-0.25530055933838647,0
2.7686287303255463,2.9190217079230294,1
4.9629714356621655,5.010564049205918,1
-1.8167730401067055,0.2687125875210924,0
-0.7334681236278441,0.48831452946342374,0
3.0534539434205694,5.3137581024175375,1
-0.48679052034117387,-1.1142177168732552,0
4.177960768550661,4.307335433608785,1
-1.3996914121591306,-0.8658909683166526,0
4.598279514755287,3.0863253979671903,1
0.177320673759006,0.8480790816400395,0
1.3021599504139485,0.5395100440092842,0
4.234588873958536,3.2785803633947017,1
4.3565667724,4.174016434359899,1
3.182582354570771,0.25630918326349306,0
4.819078834299289,2.95726008554559,1
4.701682607397217,2.7465151502142158,1
-0.7183306329722762,-0.824911937817315,0
3.9694572819626996,3.11869949878806,1
4.47913634424434,3.025420253011485,1
-0.29374668648227514,-0.36855587077740504,0
-0.25268758294094734,-0.04912178441626002,0
4.111444869185817,3.941157420541904,1
-1.1224919156318474,-0.3694878698849495,0
0.5129942891190944,-0.44609846241326157,0
-1.5826067454568027,0.3937885284097188,0
0.09263568586589575,0.04506756638394458,0
-1.134065392422803,0.6886024426170952,0
1.0967911381149467,-1.0609524458577568,0
2.3345653733276497,-1.3385521597157073,0
-1.6926994330053897,1.1403064066860553,0
-0.17834305011952564,2.0170681665699406,0
4.794891977026288,5.354266028198064,1
6.292005155031842,4.220932744412312,1
-1.9176711561407451,0.6001589626349917,0
0.1776041294996708,0.2950294175946748,0
1.6425989599508153,-0.07106808144882187,0
5.187937081395633,3.7516694498145218,1
3.45119485900572,4.096785855791277,1
4.831898157860854,3.059787412494567,1
-0.5791143963196119,0.6345233691338265,0
-1.0055864867177768,-1.1289821553023311,0
0.8739772497408941,-0.8291254868048005,0
5.733439556529958,4.215574852730226,1
0.812132101117278,-0.45016477501775043,0
3.058573892460951,5.154933816046102,1
-0.8505488773314941,0.1763824512822297,0
2.607811794318083,4.92430898122041,1
5.22361319267617,3.6281687035142287,1
3.7491709931758224,4.199387468542856,1
3.1070682482489023,5.7575359497609515,1
3.236367581635302,3.6602338946797435,1
2.858557366436612,3.8449703501891097,1
0.4644856837061333,0.1777452183223025,0
5.947828395242011,4.0769993136309575,1
-0.3889547440980825,-0.05291491129760258,0
6.190747766417621,4.6331739000547225,1
3.7007175307454814,3.2613488064492175,1
-1.0037473852277423,2.4306821314552343,0
1.858889943683121,-0.14374482989320814,0
2.2694347521824376,4.009967071816452,1
-0.9774868080127759,0.6178126159472013,0
-1.2454245340201486,-0.599571419485148,0
-0.45710432122467287,-0.2585772662972949,0
-1.5558074534632964,-1.1828346422655887,0
-1.0986382804863641,0.24687644668055367,0
0.34279112826366825,2.957655653434936,0
-1.7419611339704906,-0.31859930468228237,0
0.2131698342791581,1.371749067865811,0
-0.21698665576027962,0.11276242555562455,0
-0.38774494067197907,1.2584635142371874,0
-1.372594166386596,1.4752834652902609,0
4.223778897306437,4.825652710449354,1
4.656411073688685,3.7812615786992363,1
-0.6238827322052103,-0.3858107731464076,0
-0.1014402577061346,-0.8635971471112304,0
-0.8596215063641354,-1.431027512309208,0
2.998405115502241,2.965386606193262,1
4.328256507821767,2.870830205628603,1
-1.1100423004195819,-1.3430601281920505,0
2.281704691525279,-0.3013800149010769,0
-0.4296579899739213,1.4265412191457894,0
3.1144932061908577,1.6455918668916434,1
-0.2239700183878448,1.9788966565798487,0
-0.11357215969870076,-1.1158036090218695,0
3.9316772639557267,4.359987083665711,1
0.6111760805863292,-1.6001825184945073,0
-0.5402068010969983,-0.682203125249905,0
1.621635279199741,3.091808904952945,1
3.4846334099617025,4.792130473659762,1
-1.3448184854028593,-0.01756175841958918,0
0.006592075217270255,-0.6535033430108372,0
5.048982238997855,3.1310589872117074,1
3.473183698626499,4.563777320146521,1
3.7901047338284264,5.006929720746983,1
0.263962524957329,-0.5600573281326604,0
1.9454419392889584,0.24895364218749885,0
0.38967608455667113,0.3755985815012055,0
4.674506953554798,5.0181695488479345,1
3.9213963022231644,3.2095405933649404,1
1.379137939240381,-1.8935786150036655,0
3.8942753042231457,5.0769815881231235,1
3.9805235798713783,4.559825462244186,1
0.5708731533610698,0.913406271071293,0
0.6774157405039036,1.050453443249324,0
2.8462504605626338,4.43163930770005,1
-0.5770553048313002,0.3459421014586242,0
3.4035705805575818,4.201513396751003,1
2.3923824767750705,3.5677485116026553,1
-0.6468671504785105,-1.1379672392849312,0
5.6402782474679345,4.097603557054832,1
3.08723477384323,5.904781125824429,1
4.6876809126959635,3.7863911783255415,1
0.6238040181712379,-2.8102734929502486,0
-0.9409130344399202,-0.4234296517093735,0
1.2987093882997265,0.5730032135162072,0
-0.6040341772204455,1.6120462036066459,0
3.1640095334449803,4.756674929179761,1
0.07317264622378744,-0.7627531298531319,0
3.4674025608657186,4.553497217554753,1
4.611207812070267,4.3998286955273604,1
6.04998942908585,3.617581942750437,1
4.320940292571569,4.54088351465451,1
4.07398223399219,4.391963881750867,1
-0.29160468689265606,0.12002652789937322,0
0.5720709078610402,0.48493318087777504,0
-0.735447806540496,0.4210011218433747,0
-0.6550731406277462,0.8226287614406145,0
2.643222665048707,4.794046395763685,1
0.22459929602056136,1.2862933546770285,0
-0.9602419415185827,-0.3095376521902237,0
5.200987967718929,3.4037733848867533,1
0.23332516384280852,0.548040537099701,0
5.510156885137968,2.7018131132057155,1
1.9506587814921337,1.347753181075007,0
0.43603185158305885,2.8904290769914294,0
3.116191005170574,4.908750895741088,1
-1.5830752016003988,0.1152798373186935,0
5.1810280581732,2.9388006014637797,1
-0.09947515887027858,0.26570746166060233,0
3.5422829602371118,3.8658726131766588,1
3.736154784319228,3.507848629064006,1
5.909327890015498,6.031548100444277,1
5.19226071092576,4.656227487072742,1
3.0854959939670907,5.757467723109635,1
3.649362822106484,5.153393251496751,1
1.3764118428577174,1.2099752062885365,0
3.9371636565405095,2.4907081599953766,1
4.437983833182579,3.698779800717296,1
-0.45043617794080526,-0.514940436168208,0
1.2059040932807246,-1.7368613995898563,0
2.3767658493886232,2.155765415108884,1
0.8517945653080705,-2.5258808750788293,0
2.1809921301567625,0.27976462905923544,0
-0.21355637385055073,-0.694955311537194,0
5.2616659713293,3.721994500023222,1
3.825932624180793,6.24459599621404,1
0.9540701706587481,-0.7006044708581349,0
-2.1886780383408015,0.38007111184232417,0
-0.6338538322280107,-1.584998265430382,0
3.48051797239023,4.241905962887693,1
1.5170986635312866,-2.1412422971521994,0
0.917814676726128,1.2934032763610992,0
-0.6034701138315701,-0.38995820321102664,0
4.731505543771318,3.255789340355993,1
0.44938827202879905,0.3991876841137722,0
5.732720540798887,5.4683191937078055,1
2.711927766530417,2.8742008195688156,1
3.5934167182206402,4.840572872880308,1
4.569009341125711,4.220083598794645,1
-0.21277738132888613,0.1708369374639917,0
4.676736011645931,2.531549991959399,1
3.7079742796153794,3.1360703258886495,1
3.655941131713289,4.439044626858946,1
4.055528426419833,3.7488557550928205,1
-1.2558973647732588,0.20365664582684648,0
3.82725834877327,4.575022474612723,1
4.887763386016251,6.332744889284587,1
1.3370370365292092,-2.321012718069623,0
-0.12037890174290601,-0.9302742828028693,0
-0.3968852034524261,0.013354902251085179,0
3.9734454491496156,5.50875553929226,1
5.209053980722862,4.337649031436444,1
0.803485478646702,-0.8306678575339472,0
3.66451468223597,4.060172119452698,1
4.381054237531784,4.75466846489908,1
-1.0821155814284287,-0.6318355177062432,0
4.064726898859975,3.5857049333415985,1
5.55094280470273,4.265102186947238,1
3.8055925721157546,4.837422507060728,1
0.44082198754908397,-0.13123343816294633,0
4.211770177968666,2.15483156392437,1
4.34156063291445,5.2140578855976,1
-1.1269161042798774,-0.8675594233082309,0
0.09403970274491935,-0.036460492003592644,0
5.546150255308177,5.301166324582736,1
2.767866270048521,5.557550339819266,1
5.720554430040672,4.613504459053333,1
3.4529111614070005,4.365697370568207,1
0.08276675546569706,1.2469601198509734,0
4.354984807054749,4.9179401039316115,1
-0.7207083754056403,0.18559321865887438,0
4.1730912621941885,3.736954041089934,1
-0.10292505941176526,-2.4892358794332954,0
4.666328278481865,6.073234634954224,1
4.9008214612638925,4.0238769882389755,1
2.8661855396910485,4.05440531378946,1
2.1589055355901396,-1.178809418707266,0
-0.3818138033928444,0.6629249149851988,0
1.5616014716842854,0.2820089245403393,0
0.4062619765989242,-0.1409147857872056,0
2.753807681542897,3.4785365785930638,1
1.43866056302915,0.44776601428894613,0
3.7496367577459115,1.369049213396643,1
4.904393303379246,5.568476890818219,1
-1.251130900832374,-1.3257318738455448,0
-0.1365011266647332,-0.41610407496608837,0
-0.8431663081947451,1.7396381714346023,0
5.444403954078214,3.700877740021704,1
5.187580875004663,4.129806157338423,1
4.117948318284118,5.218177817935342,1
3.5255953816213723,3.100958254695337,1
1.0918625063256306,0.07023242253965933,0
1.180778301841076,0.22377895174486823,0
-0.6629991950791819,-1.5416680358342485,0
4.319480380505676,3.710014477109937,1
-1.364478941199232,1.6513920305941834,0
-0.038682423891722675,-2.4679323186218993,0
-1.9135320454746056,-0.4112924393923932,0
5.999422652433346,5.015464266323056,1
4.512303710663593,3.2692207946970213,1
4.38454319822209,2.80457395054364,1
5.356721464079661,4.223784336905495,1
4.691051235910277,3.6175619509586916,1
1.4335858932288026,0.6696842021635832,0
0.30842600792359076,-1.1130660889972486,0
5.056820280455697,4.638479889768455,1
4.262879900081797,4.973756619801863,1
3.8142210965018886,3.056687967585317,1
3.6514393216727905,2.7425320588908817,1
-2.4673366032907076,1.1494351232156954,0
3.3511744011344407,3.6043449835041383,1
3.1670555150217528,4.023649230623861,1
0.7867069023351267,-0.24786224128122286,0
4.180314418683229,4.367893348244688,1
2.9202964905349473,4.487539005120313,1
3.963170149581781,3.8399977586050307,1
0.4740101268745491,1.6637947959958888,0
0.10574315877042993,1.2621450720410246,0
3.9450498309037805,4.314024735185295,1
3.906885797436113,4.4423496120639525,1
4.632229419783345,2.494862736481112,1
3.810884304132237,4.087243566473323,1
4.536150187839097,3.2619562617609574,1
0.3898074633972946,1.6698792603024541,0
3.1036812248082133,3.941128584648165,1
-1.6094554739632778,-1.4610296828436378,0
-0.07164193180557127,0.126517691326997,0
5.837374700563738,4.535835573241214,1
1.0872627810473556,-1.1824377753990767,0
3.931879258739732,4.61019176432279,1
6.042177925144677,4.410696756618857,1
4.223149338179736,4.803078675590171,1
-0.7896906715252614,0.5487522947728037,0
4.379613049694221,4.813268523417947,1
0.5716391569888917,-1.493363569225336,0
4.5230726285041145,3.4717374387493294,1
4.425723755673413,4.0946698523326335,1
4.971048685279523,3.2268526312475965,1
2.658228949811944,0.38594363888282934,0
-0.0792815288280986,1.162811560346586,0
4.910250815887699,4.57693189517487,1
6.650332309392651,2.1084404960193925,1
3.699360270289868,3.4458588705665822,1
0.2240986234944901,0.9515873991270121,0
3.3862279673510622,5.899082043950998,1
0.3869060948717755,0.555651565988533,0
4.696527257055154,5.606302331124493,1
3.1030639535444413,3.6020169830691766,1
-0.46840498892199695,0.6404109114522978,0
2.6120445936357672,2.990471951793669,1
2.800826060046087,4.486581734967727,1
3.962908965502298,3.27066701877652,1
-1.9106291939533129,-1.7820397677527258,0
6.665444751282226,3.85489447816019,1
-0.8468024184875822,0.3648846879582753,0
-2.5606269953926204,2.562612059637731,0
5.704260754460222,5.707990932929542,1
0.35154524532652826,2.5646825080013858,0
-0.7709800559635333,-1.2940489990957549,0
0.6442886437892398,-0.01682930987720306,0
-1.5181747108322494,-1.0897221185521182,0
4.5426528349448505,4.865312069679685,1
5.489306018626143,2.7513922265731443,1
2.7543288585409886,2.271825606504252,1
4.357331103756037,3.2696603476215778,1
3.292745636100472,2.3054289502160867,1
4.427906910749829,4.721268615048148,1
0.6141674254609728,0.30762862786854245,0
3.4909585388264386,2.330707473990227,1
4.504355078941916,4.000890423180852,1
3.1168493176640153,6.090954445109505,1
3.347561177505342,3.151608261380951,1
5.424938971949739,3.65563918451817,1
3.46137323824406,4.374630484929712,1
4.050029480464621,4.903301663475707,1
4.4955970584497145,3.6514358214797378,1
-1.2106334120459854,0.5738150072873486,0
1.447882089976052,-0.6303610475129373,0
3.5214963378908144,3.784981501837419,1
0.5309271244544393,0.20367350712017385,0
1.017054685253335,-0.7866580568284435,0
4.292395915977674,3.601746365922604,1
0.7393017036815914,-1.390886179545946,0
3.1604665891086654,4.2823542406440955,1
-0.7176781144168137,-0.9819838424606943,0
4.093850765188625,3.7149134561895787,1
-0.10045331337199474,-0.9501673385701448,0
4.94447430451895,5.247654723063417,1
3.393869102878599,3.920548703074168,1
-0.07616549090433257,1.3377331228320162,0
0.8484371951611421,-0.5616083502493667,0
3.557498895635921,4.081671444264623,1
-0.30041904587045204,1.0627684969871374,0
1.8663578013582425,0.7100686502422607,0
-0.24886310084355442,0.6021893929813109,0
4.78222441002312,3.289518611293328,1
4.499540218007017,4.912434707811974,1
0.7799227203929922,0.40371009100492244,0
0.19865399382285248,-0.771336513810628,0
0.43705517298926017,0.29995033562731777,0
3.8828192715438083,3.8794396593785403,1
0.5933717102392932,0.13002525003335283,0
3.012390182721984,3.7471655281928706,1
-1.1854925673256886,2.2107352139693996,0
2.5232497227105872,3.614485022881759,1
5.020582395723584,4.49283923547851,1
-2.072955401776908,0.6736038807865797,0
1.4947670726405995,-0.377537426928994,0
-0.9106541563529549,0.9399152208090579,0
4.6315940379134535,3.187230488353097,1
3.89089009979778,5.608142233497864,1
-0.3087919190449515,0.23645639968810062,0
-1.2931595877047186,0.47253488714423275,0
0.23831093317127738,0.10261904664933251,0
0.4202774944505862,-1.354916315789938,0
3.879392203658682,3.310162581403474,1
-2.0057879543721313,2.196209883148123,0
3.38226895721128,5.278627609731916,1
3.5635992221579778,3.138757324376857,1
5.199893813017079,3.7618743099399867,1
3.475882141513299,4.1481900170069155,1
-0.36885435112734627,0.20676634893651133,0
0.7400684440439758,-0.952572751505351,0
-1.688397797164079,-0.07495542159842501,0
-0.963659901480329,-0.5196325653000488,0
-0.8169480741732371,1.0145339047344049,0
3.457342048292376,4.2122933709895225,1
1.2254572878217627,-0.42089792645372914,0
0.1050271350986011,-1.0742185285188555,0
0.5447189749998286,1.1077353290450358,0
0.7332930120616807,-1.7085378618837568,0
-0.22386736470168128,0.2817775386459196,0
-0.1668023861289569,2.4513776153104194,0
-1.800689545576852,-0.20769629120715277,0
3.056012691944169,4.356025761111246,1
3.657936857323758,3.989843477268376,1
-2.365080147245825,0.16166398061816523,0
-1.785213994318232,-0.5672010204236725,0
4.056444113714992,2.471032533488865,1
0.018183446530098252,1.2994259496118148,0
4.6387210318575365,2.124961767267064,1
1.3005329540934667,-0.21565575411032573,0
2.186782554485781,3.864945087085473,1
-0.7680941677464747,0.42725479226089996,0
0.09455693504354389,-1.8899430029844309,0
4.864389449606553,1.8764050441940388,1
4.422187248963137,5.226155028717954,1
-1.0359155241996079,0.7044789180704367,0
0.7335073037664837,-0.8959970601031795,0
4.870992913432722,4.320797798532779,1
0.5091883186555296,-1.1892411496227102,0
4.559074989343127,3.9283753433757185,1
4.378467905759072,4.281737566437005,1
0.3341293538972534,0.32165294459230465,0
-0.29075090083494093,0.7276824860412445,0
3.640050479127839,4.991872170009816,1
0.23395490199530775,0.029851356167533594,0
0.10808138993008932,-2.4449690526807215,0
0.28457595155697796,-0.3671348693537593,0
-0.09996707890048438,-0.30827332704582255,0
3.885156497563902,3.684686400572331,1
0.3521521758314053,0.32630097472165925,0
3.7527196771024207,4.901245840238629,1
-1.8339965752811955,1.7237625981037943,0
1.9772123294423447,6.029837982191577,1
4.497461158584758,5.578361763281531,1
-0.8374895050244722,-0.16318530029025372,0
3.872191271934354,5.392316293434815,1
5.203764900396028,4.374250924974312,1
3.849798098866372,4.878771600318002,1
0.9694282431430247,0.16497946994547139,0
3.9302052845451825,3.783006877868325,1
4.407845871913638,4.15804426119491,1
-0.6596816522458341,0.9568023962600439,0
0.6340208443956818,-1.5513212930454714,0
-0.8702933473682017,0.6884949569804709,0
4.657215172374001,3.473721085422042,1
2.967289296248918,4.915508927511711,1
0.6160511602580636,-0.20352177129420762,0
2.6624186281154634,1.4271164913431127,1
-0.8978002861694439,-0.3603335035716419,0
-1.3202667156616057,0.3397337937866793,0
5.963034212777121,3.3940154902045774,1
0.09234041502543408,-1.1085916575218866,0
4.17803410091874,3.745052377182458,1
3.0998188796764627,3.6338574163021002,1
-0.3431586660486995,0.3036214189827501,0
-0.38324218239261104,0.519750133067157,0
0.17325302693793618,1.0319438897143163,0
-0.3865096106892247,-0.053043306723887865,0
3.258166396627451,5.033424775308244,1
5.25620782207303,4.665435920902989,1
0.12329012656414752,1.9172753984525273,0
-0.12699370763737355,0.30258228992301384,0
0.32325209071527644,0.762708719871155,0
3.813780411818757,6.96528708127711,1
5.106770792446251,3.802196917083893,1
3.3985860759624615,4.129778052824263,1
3.2441140442197502,4.0958675708921,1
0.4804066653456319,-0.9634224982061355,0
-0.9627567452379137,-1.1087737121015064,0
4.095801850553661,3.710394806124135,1
1.1691763216225033,-0.6618970856703918,0
-1.5256997935478325,-1.7740623825086486,0
1.1234449270505995,0.31297819923744447,0
3.0569477699543475,4.6134851361574505,1
0.38045251668258856,-0.4865870231222368,0
-0.2848507575531412,1.0498972143596212,0
4.514879230347479,4.995440512507033,1
2.5072725639990368,3.6478175941449273,1
2.0243214514007875,4.1247817215897715,1
-1.1010895102892289,-0.2801901018172892,0
-1.235548287719078,1.2063236766590317,0
3.5964742097939806,2.8198694690819552,1
0.9981891372959262,0.9211504559176094,0
6.130383240059071,6.557376138984715,1
4.342369781604012,4.621887072375025,1
-0.24164059737706986,-0.040062349917034557,0
5.290251136661204,5.104452974060975,1
-0.8289063742217676,-1.1228501862033453,0
-0.5916099653541612,0.5742356830346994,0
1.9687177400990548,4.548276431545058,1
0.06158364894822526,0.389214816868297,0
4.549317343567562,2.1872777037553144,1
3.4194335707270307,6.127142054866042,1
1.2142328004862428,0.00022953300001815515,0
3.3353156336790954,3.8207019661139134,1
4.625630010732185,3.6707602968380573,1
-0.35014124983215,-0.7169639919219599,0
4.529988550108883,4.085483780368078,1
-0.9179800040504611,-0.6715585916615664,0
4.1459574197427855,3.390780208260579,1
4.72357077714486,2.785969349896459,1
6.048658329006866,4.51047662744551,1
2.9806112707843835,4.006985945678611,1
3.821145746406259,4.126156964679167,1
1.487566895333483,0.5379830621955435,0
3.7437193347754336,5.852644543373126,1
6.973605532823976,4.305689923496883,1
-0.33077916550865333,-0.42843957784580605,0
0.3192195495609356,0.7668166402734227,0
0.09698905591252974,-0.48764681991059294,0
-0.1680782221221799,-1.3760486995339256,0
4.27777628894688,6.104153893796221,1
2.522061414710217,1.4341824211015557,0
-0.23601613992115233,-0.980724163381044,0
3.999441269781555,1.8149270575916177,1
0.5462833200581799,-1.6438043806635407,0
3.598528915309648,3.768325070819285,1
5.362558569111561,2.920477431080381,1
3.597329711568875,4.509814758731241,1
0.23858371074068657,0.3146050473006696,0
3.4310726662203255,2.8696752428792784,1
3.983664714258874,5.327227912838801,1
4.389489210394808,2.968516992043237,1
0.1336192821547188,-0.40740621621869305,0
-0.5261983408825008,-0.052447748602330535,0
3.087437078917781,4.656434114277298,1
0.020696257078476086,0.2281917230933832,0
-1.9342635877320837,-0.4251779043694537,0
5.806228485595991,4.780806020597606,1
3.5545796846029223,6.208992476164469,1
5.028847246687125,5.7325130248169796,1
2.6217396839499543,3.293100974975456,1
0.5187246282486894,2.0761826460791237,0
4.920109212297694,2.2188582217091986,1
-0.9889706381444485,-0.028885478513070093,0
1.1980634732610298,1.268131939963386,0
6.052716892869652,3.8941945598844874,1
-1.016137276888264,1.0214336068600565,0
1.1254386061359338,-0.41437204330180766,0
4.539282851615941,4.480765643894113,1
4.205405835675895,3.8858787206179177,1
4.651058565768575,3.592131949044718,1
-1.0898477392157213,-0.21197598758896974,0
3.548557642123595,4.571337771665988,1
2.5729670869358463,2.9546280048246354,1
3.445515014526003,4.320930225850758,1
3.3207606513553953,3.631354423316858,1
3.5336667385886416,4.283141949747985,1
-0.16035818339466282,-0.2891299437257339,0
1.548839133218503,1.0377993893135335,0
3.9401147150051385,2.882052446287954,1
1.6065915531043502,-2.845380274148921,0
0.13824312195341373,1.8374642476251415,0
3.8714768402958764,5.655844264472676,1
4.598742763851684,2.1507018149020607,1
3.4992652325267564,2.2238806935090496,1
0.42493158225624544,-0.6811583986508931,0
1.0861574045122662,-2.0095780584953653,0
-1.5910027207139315,-1.166376353289962,0
4.738210369062765,3.9139137405261875,1
3.8073303101840024,4.944125547962587,1
1.6427267548683069,0.29243227452684434,0
3.36216605456666,3.147480668012745,1
3.059273940687433,3.4551691033303986,1
-0.14562529186468082,1.403513806347118,0
5.058737512532772,3.2442910102565206,1
4.51514260769347,3.72256027394716,1
0.21523056510832994,1.2026782414897295,0
2.553591063782507,4.7575135374036766,1
0.39183670527985237,-0.7954869601339498,0
0.2752680466307827,1.6780903783277799,0
0.23055666522053755,0.012087200717371575,0
0.29713398058620477,0.029760884151061713,0
-0.3229985362052932,-1.8933742359526295,0
1.2295296288974809,-0.5928659911676869,0
-1.717117911111581,-1.3435999758016042,0
1.0176628840020931,-0.8689843956649721,0
0.9624975655101755,-0.4919486086455725,0
-0.26692171054450065,-0.02299223583256903,0
0.3711521634757966,-0.4706888844684934,0
3.7588260964575615,3.4535782353144757,1
3.424754096275861,3.694391869432942,1
-0.21512396139887954,1.2045351366168382,0
0.2850684483139488,-1.0920332732129854,0
3.591585529304839,1.7423857254600645,1
-1.9382631080649841,0.05593076735549253,0
0.009832007133955144,-0.7180986147063053,0
3.0575485969862544,3.67057311297071,1
2.76946172760117,5.242826045733253,1
4.340847972467978,4.904250524470402,1
0.5863352928834191,-0.43422129929531933,0
0.23732541583834796,-0.05176336032238431,0
0.8613735664587914,-0.9885379603207657,0
4.6657778402443135,2.232469631863797,1
3.6757255035884455,3.7655870583095368,1
4.579783523647066,3.7291601972900748,1
3.05882461258249,3.5400100663303626,1
3.2741987498588347,4.962864945037354,1
4.174463201341174,2.993330435947589,1
3.090521085851205,3.5650792344226496,1
-0.35819062107576904,0.24540706077351904,0
0.9123905994973863,-0.573519931014912,0
-2.1486578863860797,0.26406647929522253,0
-1.0870772788668348,-2.7376832372489885,0
0.11359001398731117,-0.029295289684332565,0
5.798663006961324,1.8073116454650036,1
0.5772235659781412,-0.038265907139079194,0
0.6130462746490638,0.5234363320167564,0
-1.3150007692671521,1.6792343257181275,0
4.086384181132509,3.488014045825077,1
2.4990098466643036,0.6009611932322669,0
0.7586922247354763,1.176484340927622,0
-1.5802762086785314,0.20325345788634305,0
0.3071525407983035,1.6705969892543417,0
5.500160267869456,4.231435415350793,1
-0.24847685647118525,-1.5558882490152204,0
4.698765785772077,3.3356631268143624,1
3.4219661694777552,3.246325954470931,1
5.305516342979343,3.1195126917132874,1
5.285119373547272,4.04599730862978,1
1.0330629105278626,-0.16401484280891757,0
0.2684285225798194,-0.5646459279558237,0
2.2717985778476306,4.016592348298899,1
1.7225481137604295,0.5340766364897458,0
2.7545192503023976,3.2039978991501576,1
2.495189621746329,5.381458530611491,1
-0.08996713758218647,-1.4871873791633285,0
3.0165137093423837,3.987900463044163,1
5.851267280489343,5.6283539751462754,1
6.0403317831504095,3.255784371265078,1
2.7025762039887598,3.0277278108202332,1
4.441528217292706,4.791236412234394,1
4.420419728823551,3.079642532684038,1
3.76954783989124,5.066383774657194,1
2.2702970138248406,0.8908886274006672,0
2.9749923306623423,3.8422902241634205,1
-0.6297684541859104,-1.485126181474585,0
4.212047371592406,3.556126947610901,1
3.1492091984725494,3.761773966062895,1
-0.032909994435089934,-1.220128060224612,0
0.21033345347001528,-0.9186713972313417,0
0.30586643993398305,0.5051072680828654,0
0.41593209620139343,0.2728859277904649,0
-1.0608605774521913,-0.8672957526800728,0
4.988789812434023,3.329189875556083,1
2.477028287100758,3.211551465562397,1
4.5745957693775745,4.52775089193419,1
3.3763128820985226,5.277406947347337,1
3.81116180220534,3.1873355245091766,1
3.2874636703496565,4.864837832916836,1
-0.6627703269606229,1.3205785414267124,0
0.690615974998595,-1.0615002730936804,0
0.9919223418521667,0.6162480102350619,0
